Solver,Success Rate (%),Average Elapsed Time (s),Average Failure Distance,Average Failure Angle (°)
IKPy,89.0%,0.013076022000041121 s,0.1012276483944344,0.1012276483944344 °
LLM-IK,100.0%,0.00021788599999126746 s,-,-