Solver,Success Rate (%),Average Elapsed Time (s),Average Failure Distance,Average Failure Angle (°)
TODO,89.0%,0.014339455000117596 s,0.1012276483944344,0.1012276483944344 °
TODO,100.0%,0.00023951999992277706 s,-,-