Solver,Success Rate (%),Average Elapsed Time (s),Average Failure Distance,Average Failure Angle (째)
LLM-IK,100.0%,0.00021292526510087556 s,-,-
Trac-IK,99.98%,0.00045494763059714387 s,1.7158743429826728,1.7158743429826728 째
IKFast,99.97%,0.00028496628900156795 s,1.0804171234396966,1.0804171234396966 째
IKPy,91.96%,0.010330638627204462 s,0.07833274469534306,0.07833274469534306 째