Success Rate (%),Failure Rate (%),Error Rate (%),Average Failure Distance,Average Failure Angle (°),Average Elapsed Time (s),Generation Time (s),Mode,Feedbacks Given,Forwards Kinematics Calls,Testing Calls,Reasoning,Functions,API,Cost ($)
92.60000000000001%,7.3999999999999995%,0%,1.132517433328838777819989712018388243098504877294507853235927541390992701053619384765625E-15,6.283185307179577°,0.00021419499982584965 s,1498.2451234000036 s,Dynamic,8,0,3,True,True,True,$0.7943916200000001