Success Rate (%),Failure Rate (%),Error Rate (%),Average Failure Distance,Average Failure Angle (°),Average Elapsed Time (s),Generation Time (s),Mode,Feedbacks Given,Forwards Kinematics Calls,Testing Calls,Reasoning,Functions,API,Cost ($)
92.80000000000001%,7.199999999999999%,0%,1.99653793454451198313907793717591311212348516301862133559552603401243686676025390625E-16,6.283185307179583°,0.0002292550000056508 s,2703.684008599994 s,Normal,5,0,0,True,True,True,$1.1331661