Success Rate (%),Failure Rate (%),Error Rate (%),Average Failure Distance,Average Failure Angle (°),Average Elapsed Time (s),Generation Time (s),Mode,Feedbacks Given,Forwards Kinematics Calls,Testing Calls,Reasoning,Functions,API,Cost ($)
80.10000000000001%,19.900000000000002%,0%,2.1147304937316062881118881080902974663248027249219662682122589103528298437595367431640625E-16,5.844266403413246°,0.000346243200081517 s,1055.6431455999991 s,Dynamic,9,0,2,True,True,True,$0.65222914