Name,Success Rate (%),Failure Rate (%),Error Rate (%),Average Failure Distance,Average Failure Angle (°),Average Elapsed Time (s),Generation Time (s),Mode,Feedbacks Given,Forwards Kinematics Calls,Testing Calls,Reasoning,Functions,API,Cost ($)
IKPy,90.9%,9.1%,0%,0.001022265118664022,6.269016581922616°,0.004739963000020014 s,0 s,,0,0,0,False,False,False,$0
DeepSeek R1 Distill Llama 70B,90%,10%,0%,5.33326200607147608680909417468504198986474127384960208786424118443392217159271240234375E-16,6.283185307179576°,0.000264489100009996 s,60.04206410000006 s,Transfer,0,2,1,False,True,True,$0.015405859999999999
OpenAI GPT-4o,0%,100%,0%,0.5882377002355561,5.418895468897142°,0.0002450646000088454 s,32.6831887999997 s,Dynamic,5,2,2,False,True,True,$0.07808812000000001
DeepSeek V3,0%,100%,0%,0.7672407880560026,4.775516342007834°,0.00021627719999560213 s,171.4668886999989 s,Dynamic,7,0,2,False,True,True,$0.03430252