Name,Success Rate (%),Failure Rate (%),Error Rate (%),Average Failure Distance,Average Failure Angle (°),Average Elapsed Time (s),Generation Time (s),Mode,Feedbacks Given,Forwards Kinematics Calls,Testing Calls,Reasoning,Functions,API,Cost ($)
IKPy,90.9%,9.1%,0%,0.001022265118664022,6.269016581922616°,0.004739963000020014 s,0 s,,0,0,0,False,False,False,$0
DeepSeek R1 Distill Llama 70B,90%,10%,0%,5.33326200607147608680909417468504198986474127384960208786424118443392217159271240234375E-16,6.283185307179576°,0.000264489100009996 s,60.04206410000006 s,Transfer,0,2,1,False,True,True,$0.015405859999999999
Claude 3.7 Sonnet,0.1%,99.9%,0%,0.3113992379197004,2.300966860286731°,0.0003214931999991677 s,166.14853610000023 s,Transfer,3,2,1,False,True,True,$0.27381719
OpenAI GPT-4o,0%,100%,0%,0.4055826459512201,4.59174431484958°,0.00020775590002267564 s,24.068928400001823 s,Transfer,1,2,1,False,True,True,$0.04091069
DeepSeek V3,0%,100%,0%,0.4055826459512201,4.59174431484958°,0.00025991150000299966 s,229.05842849999863 s,Transfer,4,1,1,False,True,True,$0.02638709