Name,Success Rate (%),Failure Rate (%),Error Rate (%),Average Failure Distance,Average Failure Angle (°),Average Elapsed Time (s),Generation Time (s),Mode,Feedbacks Given,Forwards Kinematics Calls,Testing Calls,Reasoning,Functions,API,Cost ($)
OpenAI o3-mini,92.2%,7.8%,0%,7.16738577290057239333529037303015261562412160402379956991580911562778055667877197265625E-16,6.283185307179578°,0.0002556770000082906 s,649.32298669999 s,Transfer,5,1,3,True,True,True,$0.37277967999999995
OpenAI o1,91.9%,8.1%,0%,4.1958895877008540489412345212528752707505327900795732976035878891707397997379302978515625E-16,6.28318530717958°,0.0003257645004778169 s,320.98470840000664 s,Transfer,6,0,3,True,False,True,$2.5991902799999997
Claude 3.7 Sonnet,91.10000000000001%,8.9%,0%,6.542091009959267351950161821685941814466348841021481330670894749346189200878143310546875E-16,6.2831853071795765°,0.0002302889001221047 s,123.11927670000296 s,Transfer,4,2,3,False,True,True,$0.23922528
IKPy,90.9%,9.1%,0%,0.001022265118664022,6.269016581922616°,0.004739963000020014 s,0 s,,0,0,0,False,False,False,$0
Claude 3.7 Sonnet Thinking,90.8%,9.2%,0%,6.4181260448624880815349524851652747425089060202829660539691758458502590656280517578125E-16,6.2831853071795765°,0.00021411319961771368 s,743.3036675999756 s,Transfer,4,2,3,True,True,True,$0.95540028
DeepSeek R1,90%,10%,0%,3.158831932251405023334968881900527229159277649468695603474088784423656761646270751953125E-16,6.2831853071795765°,0.0002097916000020632 s,3104.5146527000006 s,Transfer,6,0,3,True,False,True,$0.23527328
DeepSeek R1 Distill Llama 70B,51.300000000000004%,48.699999999999996%,0%,0.8506134786141073,3.1415926535898215°,0.00021261600005163927 s,81.26480379999703 s,Transfer,1,1,3,False,True,True,$0.024560779999999997
DeepSeek V3,45.300000000000004%,54.7%,0%,6.77248707062752688258619434182238105053247101232372084922417343477718532085418701171875E-16,6.269309211900086°,0.00026981639999848993 s,212.96354169999995 s,Transfer,6,0,3,False,False,True,$0.03926518
OpenAI GPT-4o,0%,100%,0%,0.4055826459512201,4.59174431484958°,0.00029626980000466575 s,48.85460529999909 s,Transfer,2,2,3,False,True,True,$0.05016778