Name,Success Rate (%),Failure Rate (%),Error Rate (%),Average Failure Distance,Average Failure Angle (°),Average Elapsed Time (s),Generation Time (s),Mode,Feedbacks Given,Forwards Kinematics Calls,Testing Calls,Reasoning,Functions,API,Cost ($)
IKPy,90.9%,9.1%,0%,0.001022265118664022,6.269016581922616°,0.004739963000020014 s,0 s,,0,0,0,False,False,False,$0
DeepSeek R1 Distill Llama 70B,51.300000000000004%,48.699999999999996%,0%,0.8506134786141073,3.1415926535898215°,0.00021261600005163927 s,81.26480379999703 s,Transfer,1,1,3,False,True,True,$0.024560779999999997
DeepSeek V3,45.300000000000004%,54.7%,0%,6.77248707062752688258619434182238105053247101232372084922417343477718532085418701171875E-16,6.269309211900086°,0.00026981639999848993 s,212.96354169999995 s,Transfer,6,0,3,False,False,True,$0.03926518
OpenAI GPT-4o,0%,100%,0%,0.4055826459512201,4.59174431484958°,0.00029626980000466575 s,48.85460529999909 s,Transfer,2,2,3,False,True,True,$0.05016778