Name,Success Rate (%),Failure Rate (%),Error Rate (%),Average Failure Distance,Average Failure Angle (°),Average Elapsed Time (s),Generation Time (s),Mode,Feedbacks Given,Forwards Kinematics Calls,Testing Calls,Reasoning,Functions,API,Cost ($)
IKPy,90.9%,9.1%,0%,0.001022265118664022,6.269016581922616°,0.004739963000020014 s,0 s,,0,0,0,False,False,False,$0
DeepSeek R1 Distill Llama 70B,90%,10%,0%,5.33326200607147608680909417468504198986474127384960208786424118443392217159271240234375E-16,6.283185307179576°,0.000264489100009996 s,60.04206410000006 s,Transfer,0,2,1,False,True,True,$0.015405859999999999