Name,Success Rate (%),Failure Rate (%),Error Rate (%),Average Failure Distance,Average Failure Angle (°),Average Elapsed Time (s),Generation Time (s),Mode,Feedbacks Given,Forwards Kinematics Calls,Testing Calls,Reasoning,Functions,API,Cost ($)
IKPy,87.7%,12.3%,0%,0.028365675270229908,5.057578767401472°,0.007872553599987432 s,0 s,,0,0,0,False,False,False,$0
DeepSeek R1 Distill Llama 70B,0%,100%,0%,0.5960061827741512,5.31533988207971°,0.0003162643999930879 s,24.70204509999894 s,Cumulative,2,4,3,False,True,True,$0.01284895
OpenAI GPT-4o,0%,100%,0%,0.673595389028898,4.914378185161532°,0.0002738380999908259 s,56.460719299999255 s,Normal,2,3,0,False,True,True,$0.08434
DeepSeek V3,0%,100%,0%,0.742003720443112,4.9787513471483535°,0.00026345340000443683 s,151.75335509999968 s,Normal,5,0,0,False,False,True,$0.0262745