Name,Success Rate (%),Failure Rate (%),Error Rate (%),Average Failure Distance,Average Failure Angle (°),Average Elapsed Time (s),Generation Time (s),Mode,Feedbacks Given,Forwards Kinematics Calls,Testing Calls,Reasoning,Functions,API,Cost ($)
IKPy,100%,0%,0%,0,0°,0.0053840845000104305 s,0 s,,0,0,0,False,False,False,$0
Claude 3.7 Sonnet,0%,100%,0%,0.7193753668466939,0°,0.0000267558000232384087489767576784061020589433610439300537109375 s,80.33188769999833 s,Normal,1,4,0,False,True,True,$0.127473
DeepSeek R1 Distill Llama 70B,0%,100%,0%,0.7980110298519812,0°,0.0000062581000220234269545657203315247585351244197227060794830322265625 s,121.15937229999963 s,Normal,3,2,0,False,True,True,$0.02494764
DeepSeek V3,0%,100%,0%,0.8986623015426829,0°,0.000006537999999636667672157919195541353474254719913005828857421875 s,232.91413310000098 s,Normal,4,1,0,False,True,True,$0.0162312
OpenAI GPT-4o,0%,100%,0%,0.9922905928061174,0°,0.000009852399985902594230051387835800369430216960608959197998046875 s,84.5007891000023 s,Normal,3,2,0,False,True,True,$0.08944750000000001