Name,Success Rate (%),Failure Rate (%),Error Rate (%),Average Failure Distance,Average Failure Angle (°),Average Elapsed Time (s),Generation Time (s),Mode,Feedbacks Given,Forwards Kinematics Calls,Testing Calls,Reasoning,Functions,API,Cost ($)
DeepSeek R1,100%,0%,0%,0,0°,0.0002753351999972438 s,3358.917051699999 s,Normal,3,0,0,True,False,True,$0.1659823
IKPy,100%,0%,0%,0,0°,0.0053840845000104305 s,0 s,,0,0,0,False,False,False,$0
DeepSeek V3,0%,100%,0%,0.7193753668466939,0°,0.00021106279999003164 s,182.9888923999988 s,Normal,4,1,0,False,True,True,$0.014966400000000001
Claude 3.7 Sonnet,0%,100%,0%,0.7639909364051709,0°,0.00024043940004412435 s,103.89699449999898 s,Normal,1,4,0,False,True,True,$0.142125
DeepSeek R1 Distill Llama 70B,0%,100%,0%,0.9125095590293093,0°,0.00021050250005646376 s,132.70240079999712 s,Normal,3,2,0,False,True,True,$0.027825169999999996
OpenAI GPT-4o,0%,100%,0%,0.9241448674438623,0°,0.00025150980001490097 s,51.2241369000003 s,Normal,3,2,0,False,True,True,$0.080065