Name,Success Rate (%),Failure Rate (%),Error Rate (%),Average Failure Distance,Average Failure Angle (°),Average Elapsed Time (s),Generation Time (s),Mode,Feedbacks Given,Forwards Kinematics Calls,Testing Calls,Reasoning,Functions,API,Cost ($)
DeepSeek R1,100%,0%,0%,0,0°,0.0000331330000262823915900718685367820626197499223053455352783203125 s,496.25364719999925 s,Normal,0,0,0,True,False,True,$0.04549500000000001
IKPy,100%,0%,0%,0,0°,0.0053840845000104305 s,0 s,,0,0,0,False,False,False,$0
OpenAI GPT-4o,0%,100%,0%,0.7362112642898857,0°,0.00000671009996221982876686736052551651710018632002174854278564453125 s,113.73144519999732 s,Normal,4,1,0,False,True,True,$0.0978
DeepSeek V3,0%,100%,0%,0.7441613222762536,0°,0.000006846899985248455818421901841741572525279480032622814178466796875 s,227.91068950000044 s,Normal,4,1,0,False,True,True,$0.0149742
Claude 3.7 Sonnet,0%,100%,0%,0.7868310120465963,0°,0.000035655399997267523391243637664871357628726400434970855712890625 s,96.39403439999842 s,Normal,1,4,0,False,True,True,$0.151482
DeepSeek R1 Distill Llama 70B,0%,100%,100%,0,0°,0.0000206279999856633368643214765381088682261179201304912567138671875 s,83.3431787999998 s,Normal,3,2,0,False,True,True,$0.01751266