Name,Success Rate (%),Failure Rate (%),Error Rate (%),Average Failure Distance,Average Failure Angle (°),Average Elapsed Time (s),Generation Time (s),Mode,Feedbacks Given,Forwards Kinematics Calls,Testing Calls,Reasoning,Functions,API,Cost ($)
IKPy,87.7%,12.3%,0%,0.028365675270229908,5.057578767401472°,0.007872553599987432 s,0 s,,0,0,0,False,False,False,$0
OpenAI o3-mini,43.6%,56.39999999999999%,0%,0.4654481615689005,4.751409696761249°,0.0006208486001996789 s,977.8656468000263 s,Transfer,3,2,1,True,True,True,$0.6561406
DeepSeek R1,0.5%,99.5%,0%,0.5156544745350934,1.5250143233003857°,0.0002199808000000303 s,1921.2581062000015 s,Transfer,5,0,1,True,False,True,$0.2201905
DeepSeek R1 Distill Llama 70B,0%,100%,0%,0.5960061827741512,5.31533988207971°,0.0003162643999930879 s,24.70204509999894 s,Cumulative,2,4,3,False,True,True,$0.01284895
OpenAI GPT-4o,0%,100%,0%,0.673595389028898,4.914378185161532°,0.0002738380999908259 s,56.460719299999255 s,Normal,2,3,0,False,True,True,$0.08434
DeepSeek V3,0%,100%,0%,0.742003720443112,4.9787513471483535°,0.00026345340000443683 s,151.75335509999968 s,Normal,5,0,0,False,False,True,$0.0262745
Claude 3.7 Sonnet Thinking,0%,100%,0%,0.744006495496156,2.7570435751412017°,0.00024174270016374066 s,412.66494529997 s,Transfer,2,3,1,True,True,True,$0.5795589999999999
Claude 3.7 Sonnet,0%,100%,0%,0.7613363718863994,4.943128496876738°,0.00029619870020542295 s,103.75832930000615 s,Normal,1,4,0,False,True,True,$0.165489