Name,Success Rate (%),Failure Rate (%),Error Rate (%),Average Failure Distance,Average Failure Angle (°),Average Elapsed Time (s),Generation Time (s),Mode,Feedbacks Given,Forwards Kinematics Calls,Testing Calls,Reasoning,Functions,API,Cost ($)
IKPy,89%,11%,0%,0.014122268977790056,5.886363936382443°,0.008732126500000959 s,0 s,,0,0,0,False,False,False,$0
OpenAI o3-mini,43.3%,56.699999999999996%,0%,0.17446923658443655,2.859015536600255°,0.00029915960069047285 s,943.5253476000071 s,Transfer,3,2,1,True,True,True,$0.5410284
OpenAI o1,22.8%,77.2%,0%,0.5506246548957435,2.046918529476271°,0.00023921519963187167 s,241.07123880001018 s,Transfer,5,0,1,True,False,True,$2.3902134999999998
DeepSeek R1,22.8%,77.2%,0%,0.5506246548957435,2.046918529476271°,0.0006139647999625595 s,1367.653319699999 s,Transfer,5,0,1,True,False,True,$0.28637670000000004
Claude 3.7 Sonnet Thinking,0%,100%,0%,0.12104635599847201,2.310000828127598°,0.0003120534001500346 s,250.82590630004415 s,Transfer,2,3,1,True,True,True,$0.40465450000000003
Claude 3.7 Sonnet,0%,100%,0%,0.7535953302194809,4.051906203232571°,0.0018134530998941045 s,111.42942459999904 s,Normal,2,3,0,False,True,True,$0.204432
DeepSeek V3,0%,100%,0%,0.8934284326361983,1.6095445546893206°,0.009966080999980477 s,179.78335810000135 s,Normal,5,0,0,False,False,True,$0.0234835
DeepSeek R1 Distill Llama 70B,0%,100%,0%,0.9466642652364997,3.1219018043153874°,0.00020908059989596949 s,74.6647873999973 s,Normal,4,1,0,False,True,True,$0.01940993
OpenAI GPT-4o,0%,100%,10.100000000000001%,0.6091629411935485,3.2434578336821125°,0.00024499640003341485 s,79.75343799999973 s,Normal,2,3,0,False,True,True,$0.0856525