Name,Success Rate (%),Failure Rate (%),Error Rate (%),Average Failure Distance,Average Failure Angle (°),Average Elapsed Time (s),Generation Time (s),Mode,Feedbacks Given,Forwards Kinematics Calls,Testing Calls,Reasoning,Functions,API,Cost ($)
IKPy,89%,11%,0%,0.014122268977790056,5.886363936382443°,0.008732126500000959 s,0 s,,0,0,0,False,False,False,$0
Claude 3.7 Sonnet,0%,100%,0%,0.7535953302194809,4.051906203232571°,0.0018134530998941045 s,111.42942459999904 s,Normal,2,3,0,False,True,True,$0.204432
DeepSeek V3,0%,100%,0%,0.8934284326361983,1.6095445546893206°,0.009966080999980477 s,179.78335810000135 s,Normal,5,0,0,False,False,True,$0.0234835
DeepSeek R1 Distill Llama 70B,0%,100%,0%,0.9466642652364997,3.1219018043153874°,0.00020908059989596949 s,74.6647873999973 s,Normal,4,1,0,False,True,True,$0.01940993
OpenAI GPT-4o,0%,100%,10.100000000000001%,0.6091629411935485,3.2434578336821125°,0.00024499640003341485 s,79.75343799999973 s,Normal,2,3,0,False,True,True,$0.0856525