Name,Success Rate (%),Failure Rate (%),Error Rate (%),Average Failure Distance,Average Failure Angle (°),Average Elapsed Time (s),Generation Time (s),Mode,Feedbacks Given,Forwards Kinematics Calls,Testing Calls,Reasoning,Functions,API,Cost ($)
IKPy,100%,0%,0%,0,0°,0.017695620899987254 s,0 s,,0,0,0,False,False,False,$0
OpenAI o3-mini,0.7000000000000001%,99.3%,0%,0.6763385058629424,0°,0.00029059180006152016 s,1587.9821759000042 s,Extend,4,1,1,True,True,True,$0.8522734
Claude 3.7 Sonnet Thinking,0%,100%,0%,0.16933632797822334,0°,0.0002636158010282088 s,255.1714776000008 s,Normal,0,3,0,True,True,True,$0.3171
OpenAI GPT-4o,0%,100%,0%,0.6179871513014439,0°,0.0003263609000186989 s,65.18593030000011 s,Normal,3,2,0,False,True,True,$0.09517500000000001
Claude 3.7 Sonnet,0%,100%,0%,0.7094909693259003,0°,0.00024294879999797557 s,259.3544533000022 s,Dynamic,5,2,4,False,True,True,$0.48932516
DeepSeek R1,0%,100%,0%,0.832437115235535,0°,0.0002599757999232679 s,884.9915176999984 s,Normal,5,0,0,True,False,True,$0.1534996
DeepSeek V3,0%,100%,0%,0.8623590688267576,0°,0.00026515490001293075 s,331.1066021999959 s,Normal,4,0,0,False,False,True,$0.0180865
DeepSeek R1 Distill Llama 70B,0%,100%,100%,0,0°,inf s,44.75181299999531 s,Normal,3,2,0,False,True,True,$0.01098296