Name,Success Rate (%),Failure Rate (%),Error Rate (%),Average Failure Distance,Average Failure Angle (°),Average Elapsed Time (s),Generation Time (s),Mode,Feedbacks Given,Forwards Kinematics Calls,Testing Calls,Reasoning,Functions,API,Cost ($)
OpenAI o3-mini,100%,0%,0%,0,0°,0.0003185673997650156 s,555.9955120999948 s,Normal,2,1,0,True,True,True,$0.3060332
IKPy,51.9%,48.1%,0%,0.1721476648306657,0.20605715745398911°,0.010251207799994522 s,0 s,,0,0,0,False,False,False,$0
DeepSeek R1,0%,100%,0%,0.6916308066110318,2.0165218131834153°,0.0005953675998316612 s,959.6725068000014 s,Normal,5,0,0,True,False,True,$0.15286470000000002
OpenAI GPT-4o,0%,100%,0%,0.7557879954871399,4.204131437137639°,0.00025128390008103454 s,37.718622100001085 s,Normal,1,2,0,False,True,True,$0.05344
DeepSeek V3,0%,100%,0%,0.7968166786836862,2.148007971314897°,0.0002574797000006583 s,143.06189340000128 s,Normal,5,0,0,False,False,True,$0.026389600000000003
DeepSeek R1 Distill Llama 70B,0%,100%,100%,0,0°,inf s,39.18808730000001 s,Dynamic,5,1,5,False,True,True,$0.02269157