Name,Success Rate (%),Failure Rate (%),Error Rate (%),Average Failure Distance,Average Failure Angle (°),Average Elapsed Time (s),Generation Time (s),Mode,Feedbacks Given,Forwards Kinematics Calls,Testing Calls,Reasoning,Functions,API,Cost ($)
IKPy,99.8%,0.2%,0%,0.05967200404197301,0°,0.020187946599975484 s,0 s,,0,0,0,False,False,False,$0
Claude 3.7 Sonnet,0%,100%,0%,nan,0°,0.00027811690003727563 s,98.50699360000363 s,Normal,1,2,0,False,True,True,$0.13828800000000002
DeepSeek R1,0%,100%,0%,0.7753796858363333,0°,0.00034038689998487827 s,861.5216645000019 s,Normal,4,1,0,True,False,True,$0.17960869999999998
OpenAI GPT-4o,0%,100%,0%,1.0421307322146263,0°,0.004557643399983135 s,46.10869119999916 s,Normal,1,2,0,False,True,True,$0.04693
DeepSeek V3,0%,100%,16.8%,0.5771740882544196,0°,0.0002686400000000617 s,142.5941014 s,Normal,5,0,0,False,False,True,$0.0214885
DeepSeek R1 Distill Llama 70B,0%,100%,34.1%,0.34290748359973866,0°,0.00023818769999343204 s,30.432126699997752 s,Dynamic,5,3,7,False,True,True,$0.04124682