Name,Success Rate (%),Failure Rate (%),Error Rate (%),Average Failure Distance,Average Failure Angle (°),Average Elapsed Time (s),Generation Time (s),Mode,Feedbacks Given,Forwards Kinematics Calls,Testing Calls,Reasoning,Functions,API,Cost ($)
IKPy,91.9%,8.1%,0%,0.07581211934731563,0.00697443811149594°,0.013129458700019305 s,0 s,,0,0,0,False,False,False,$0
OpenAI GPT-4o,0%,100%,0%,0.5019034270965389,4.960522950321622°,0.00034065630000986856 s,39.940601599999354 s,Dynamic,3,7,6,False,True,True,$0.13860631
Claude 3.7 Sonnet,0%,100%,0%,0.8172444404579415,5.171080123570284°,0.0003238558999510133 s,319.32755480000196 s,Dynamic,9,5,8,False,True,True,$0.83522271
DeepSeek V3,0%,100%,0%,0.8252907447624077,4.281404216516159°,0.0002676583000557002 s,105.76010699999824 s,Normal,5,0,0,False,False,True,$0.0222865
DeepSeek R1 Distill Llama 70B,0%,100%,100%,0,0°,inf s,58.936217799999895 s,Dynamic,5,1,6,False,True,True,$0.02997337