Name,Success Rate (%),Failure Rate (%),Error Rate (%),Average Failure Distance,Average Failure Angle (°),Average Elapsed Time (s),Generation Time (s),Mode,Feedbacks Given,Forwards Kinematics Calls,Testing Calls,Reasoning,Functions,API,Cost ($)
IKPy,9%,1%,0%,0.0423435473681015028812879563702153973281383514404296875,0.008399555042221500122945343491664971224963665008544921875°,0.01221419700001205761730194154779383097775280475616455078125 s,0 s,,0,0,0,False,False,False,$0