Name,Success Rate (%),Failure Rate (%),Error Rate (%),Average Failure Distance,Average Failure Angle (°),Average Elapsed Time (s),Generation Time (s),Mode,Feedbacks Given,Forwards Kinematics Calls,Testing Calls,Reasoning,Functions,API,Cost ($)
Claude 3.7 Sonnet,100%,0%,0%,0,0°,0.00002913539998007763491029431524026449551456607878208160400390625 s,79.51652099999774 s,Normal,1,3,0,False,True,True,$0.118758
IKPy,100%,0%,0%,0,0°,0.003949705999966686 s,0 s,,0,0,0,False,False,False,$0
DeepSeek R1 Distill Llama 70B,0%,100%,0%,0.5399730354545066,0°,0.0000041777999995247230849361626259241830894097802229225635528564453125 s,71.20112190000009 s,Normal,4,1,0,False,True,True,$0.0176134
OpenAI GPT-4o,0%,100%,0%,0.6878396927321597,0°,0.0000069214999930409252509714602974444375149687402881681919097900390625 s,75.48671850000028 s,Normal,3,2,0,False,True,True,$0.06915000000000002
DeepSeek V3,0%,100%,41.4%,0.51856664871297,0°,0.0000041729999838935326699732204780435296243012999184429645538330078125 s,191.6530528000003 s,Normal,3,0,0,False,True,True,$0.0081571