Name,Success Rate (%),Failure Rate (%),Error Rate (%),Average Failure Distance,Average Failure Angle (째),Average Elapsed Time (s),Generation Time (s),Mode,Feedbacks Given,Forwards Kinematics Calls,Testing Calls,Reasoning,Functions,API,Cost ($)
IKPy,100%,0%,0%,0,0째,0.003949705999966686 s,0 s,,0,0,0,False,False,False,$0
DeepSeek R1 Distill Llama 70B,0%,100%,0%,0.5399730354545066,0째,0.0000041777999995247230849361626259241830894097802229225635528564453125 s,71.20112190000009 s,Normal,4,1,0,False,True,True,$0.0176134
DeepSeek V3,0%,100%,41.4%,0.51856664871297,0째,0.0000041729999838935326699732204780435296243012999184429645538330078125 s,191.6530528000003 s,Normal,3,0,0,False,True,True,$0.0081571