Name,Success Rate (%),Failure Rate (%),Error Rate (%),Average Failure Distance,Average Failure Angle (°),Average Elapsed Time (s),Generation Time (s),Mode,Feedbacks Given,Forwards Kinematics Calls,Testing Calls,Reasoning,Functions,API,Cost ($)
IKPy,100%,0%,0%,0,0°,0.003949705999966686 s,0 s,,0,0,0,False,False,False,$0
DeepSeek V3,1.2%,98.8%,0%,0.6630123254200454,0°,0.00022902329997668858 s,194.55625159999727 s,Normal,4,1,0,False,True,True,$0.016483
Claude 3.7 Sonnet,1.2%,98.8%,0%,0.6630123254200455,0°,0.0002588747000118019 s,110.29121550000127 s,Normal,2,3,0,False,True,True,$0.16137600000000002
OpenAI GPT-4o,0%,100%,0%,0.6219825974505815,0°,0.00020587919995887206 s,49.99685270000009 s,Normal,3,2,0,False,True,True,$0.0735275
DeepSeek R1 Distill Llama 70B,0%,100%,23.799999999999997%,0.631269696120444,0°,0.000249699599982705 s,120.2867490000026 s,Normal,2,1,0,False,True,True,$0.02010039