Name,Success Rate (%),Failure Rate (%),Error Rate (%),Average Failure Distance,Average Failure Angle (°),Average Elapsed Time (s),Generation Time (s),Mode,Feedbacks Given,Forwards Kinematics Calls,Testing Calls,Reasoning,Functions,API,Cost ($)
Claude 3.7 Sonnet,100%,0%,0%,0,0°,0.000027181600022231576486118898028365720165311358869075775146484375 s,31.764549100002114 s,Normal,0,3,0,False,True,True,$0.047058
IKPy,100%,0%,0%,0,0°,0.003949705999966686 s,0 s,,0,0,0,False,False,False,$0
DeepSeek V3,1.2%,98.8%,0%,0.6630123254200455,0°,0.0000402259999937086838825602008729021008548443205654621124267578125 s,216.3331259999959 s,Normal,5,0,0,False,True,True,$0.017865600000000002
OpenAI GPT-4o,1.2%,98.8%,0%,0.6630123254200456,0°,0.0000062614000071334885975417317016677998253726400434970855712890625 s,64.53921860000082 s,Normal,3,2,0,False,True,True,$0.07123500000000002
DeepSeek R1 Distill Llama 70B,0%,100%,0%,0.9333629643063796,0°,0.000005576199999268283041321293824754690149347879923880100250244140625 s,71.6896586999992 s,Normal,4,1,0,False,True,True,$0.017407779999999998