Name,Success Rate (%),Failure Rate (%),Error Rate (%),Average Failure Distance,Average Failure Angle (°),Average Elapsed Time (s),Generation Time (s),Mode,Feedbacks Given,Forwards Kinematics Calls,Testing Calls,Reasoning,Functions,API,Cost ($)
IKPy,100%,0%,0%,0,0°,0.003996411299989627 s,0 s,,0,0,0,False,False,False,$0
OpenAI GPT-4o,17.4%,82.6%,0%,0.6723795996686686,3.696886270326037°,0.00028070249997290376 s,69.68275630000062 s,Transfer,4,3,2,False,True,True,$0.08630958000000001
DeepSeek V3,17%,83%,0%,0.7205999714349641,3.6790699509509714°,0.00024168100001088533 s,149.92427689999977 s,Transfer,7,0,2,False,False,True,$0.03349708
DeepSeek R1 Distill Llama 70B,1.2%,98.8%,0%,0.4427910149805758,3.090716659199703°,0.0002134386000871018 s,78.32950809999966 s,Normal,4,1,0,False,True,True,$0.02155261