Name,Success Rate (%),Failure Rate (%),Error Rate (%),Average Failure Distance,Average Failure Angle (째),Average Elapsed Time (s),Generation Time (s),Mode,Feedbacks Given,Forwards Kinematics Calls,Testing Calls,Reasoning,Functions,API,Cost ($)
DeepSeek R1,100%,0%,0%,0,0째,0.000012192099969979608756719124951217736452235840260982513427734375 s,725.1267316999983 s,Normal,2,0,0,True,False,True,$0.10389330000000001
IKPy,100%,0%,0%,0,0째,0.0177623370000074 s,0 s,,0,0,0,False,False,False,$0
Claude 3.7 Sonnet,1.3%,98.7%,0%,0.4408171008060191,0째,0.0000349339999847870794958716589295733001563348807394504547119140625 s,97.78716910000003 s,Normal,1,4,0,False,True,True,$0.154083