Name,Success Rate (%),Failure Rate (%),Error Rate (%),Average Failure Distance,Average Failure Angle (°),Average Elapsed Time (s),Generation Time (s),Mode,Feedbacks Given,Forwards Kinematics Calls,Testing Calls,Reasoning,Functions,API,Cost ($)
IKPy,100%,0%,0%,0,0°,0.0177623370000074 s,0 s,,0,0,0,False,False,False,$0
DeepSeek R1 Distill Llama 70B,11.899999999999999%,88.1%,0%,0.17137087273215199,0°,0.0002498774000205231 s,78.61569500000041 s,Cumulative,6,1,7,False,True,True,$0.039555169999999994
DeepSeek R1 Distill Llama 70B,1%,99%,0%,0.6782652538059266,0°,0.0002535030999997616 s,47.69237720000092 s,Normal,1,4,1,False,True,True,$0.01244185
DeepSeek V3,0.1%,99.9%,0%,0.8392872588595055,0°,0.00023823430000174993 s,413.73298259999956 s,Normal,5,0,1,False,False,True,$0.0236873
DeepSeek V3,0%,100%,100%,0,0°,0.00020255690001522451 s,13.41091359999973 s,Extend,2,0,3,False,False,True,$0.00862428
DeepSeek R1 Distill Llama 70B,0%,100%,100%,0,0°,0.0002635625000057189 s,57.3695566000024 s,Dynamic,3,4,5,False,True,True,$0.02820375