Name,Success Rate (%),Failure Rate (%),Error Rate (%),Average Failure Distance,Average Failure Angle (°),Average Elapsed Time (s),Generation Time (s),Mode,Feedbacks Given,Forwards Kinematics Calls,Testing Calls,Reasoning,Functions,API,Cost ($)
DeepSeek R1,100%,0%,0%,0,0°,0.00021998260000782467 s,319.6886377999999 s,Extend,2,2,2,True,False,True,$0.08061708000000001
IKPy,100%,0%,0%,0,0°,0.0177623370000074 s,0 s,,0,0,0,False,False,False,$0
OpenAI GPT-4o,2.1999999999999997%,97.8%,0%,0.30916331596996716,0°,0.00021557489998485835 s,65.57559659999788 s,Dynamic,6,2,3,False,True,True,$0.12989342
DeepSeek V3,1.6%,98.4%,0%,0.27581305816649965,0°,0.0002222117000128492 s,172.87583880000057 s,Dynamic,6,2,3,False,True,True,$0.03741262
Claude 3.7 Sonnet,1.5%,98.5%,0%,0.30892555403808897,0°,0.0002182272000006833 s,153.28032140000016 s,Extend,4,5,2,False,True,True,$0.27989368000000003
DeepSeek R1 Distill Llama 70B,0%,100%,0%,0.4188759115596606,0°,0.00021224629998050658 s,72.84097199999997 s,Dynamic,6,2,3,False,True,True,$0.04097956