Name,Success Rate (%),Failure Rate (%),Error Rate (%),Average Failure Distance,Average Failure Angle (°),Average Elapsed Time (s),Generation Time (s),Mode,Feedbacks Given,Forwards Kinematics Calls,Testing Calls,Reasoning,Functions,API,Cost ($)
IKPy,100%,0%,0%,0,0°,0.006448368300018053 s,0 s,,0,0,0,False,False,False,$0
OpenAI GPT-4o,50.6%,49.4%,0%,1.75017089115794691967492468866332266342828038346336738673159061363548971712589263916015625E-16,6.283185307179645°,0.00026431799999409125 s,75.10860010000215 s,Transfer,6,1,3,False,True,True,$0.15280928000000002
DeepSeek V3,0.3%,99.7%,0%,0.29076607974857605,0.7800164357297862°,0.0002240183999929286 s,177.96515610000097 s,Transfer,7,0,3,False,False,True,$0.03548398
DeepSeek R1 Distill Llama 70B,0%,100%,0%,1.1955156025095612,4.358352010397272°,0.001752117200026987 s,65.68258939999942 s,Normal,2,1,0,False,True,True,$0.014499889999999998