Name,Success Rate (%),Failure Rate (%),Error Rate (%),Average Failure Distance,Average Failure Angle (°),Average Elapsed Time (s),Generation Time (s),Mode,Feedbacks Given,Forwards Kinematics Calls,Testing Calls,Reasoning,Functions,API,Cost ($)
IKPy,99%,1%,0%,0.049657551009541001096891932320431806147098541259765625,0.0075178425225620008898186341639302554540336132049560546875°,0.006826072000021692585958188459471784881316125392913818359375 s,0 s,,0,0,0,False,False,False,$0