Name,Success Rate (%),Failure Rate (%),Error Rate (%),Average Failure Distance,Average Failure Angle (°),Average Elapsed Time (s),Generation Time (s),Mode,Feedbacks Given,Forwards Kinematics Calls,Testing Calls,Reasoning,Functions,API,Cost ($)
IKPy,95%,5%,0%,0.1238399122419116260562788056631688959896564483642578125,0.0182235725460636009687132030876455246470868587493896484375°,0.0072045649999836099131034217180058476515114307403564453125 s,0 s,,0,0,0,False,False,False,$0