Name,Success Rate (%),Failure Rate (%),Error Rate (%),Average Failure Distance,Average Failure Angle (°),Average Elapsed Time (s),Generation Time (s),Mode,Feedbacks Given,Forwards Kinematics Calls,Testing Calls,Reasoning,Functions,API,Cost ($)
IKPy,100%,0%,0%,0,0°,0.017383439800023548 s,0 s,,0,0,0,False,False,False,$0
OpenAI o3-mini,32.800000000000004%,67.2%,0%,0.30799255202247255,0°,0.0002196844002319267 s,1342.2710231999954 s,Normal,3,2,0,True,True,True,$0.5869798
DeepSeek R1 Distill Llama 70B,0.1%,99.9%,0%,0.2789721131454507,0°,0.00025779079995845677 s,25.394975899998826 s,Dynamic,4,4,5,False,True,True,$0.034506669999999996
Claude 3.7 Sonnet,0%,100%,0%,nan,0°,0.000273499199989601 s,153.84140169999955 s,Normal,2,3,0,False,True,True,$0.25056
OpenAI GPT-4o,0%,100%,0%,0.301988378697521,0°,0.0018749603000069329 s,71.67446109999946 s,Normal,2,1,0,False,True,True,$0.055995
DeepSeek R1,0%,100%,0%,0.6030827562146559,0°,0.0002775793000091653 s,827.6690246999997 s,Normal,5,0,0,True,False,True,$0.1805355
DeepSeek V3,0%,100%,0%,0.9143608573918008,0°,0.0002601882000089972 s,419.9013861000003 s,Normal,5,0,0,False,False,True,$0.0223936