Name,Success Rate (%),Failure Rate (%),Error Rate (%),Average Failure Distance,Average Failure Angle (°),Average Elapsed Time (s),Generation Time (s),Mode,Feedbacks Given,Forwards Kinematics Calls,Testing Calls,Reasoning,Functions,API,Cost ($)
IKPy,93.10000000000001%,6.9%,0%,0.09406377262070566,0.01187163294128206°,0.00920323090004422 s,0 s,,0,0,0,False,False,False,$0
OpenAI o3-mini,4%,96%,0%,1.1803698857260100002603404926808385917026865343133767982664039664086885750293731689453125E-16,0.892657633017494°,0.0006422035004361533 s,720.9616975000245 s,Transfer,10,3,5,True,True,True,$1.12966948
DeepSeek R1,3.4000000000000004%,96.6%,0%,0.294280705285247,0.3968588556340468°,0.0004391755001270212 s,1663.139443 s,Normal,5,0,0,True,False,True,$0.22718620000000006
Claude 3.7 Sonnet Thinking,0.8%,99.2%,0%,1.21563762883405416605674495989806631253683270811778716069539996169623918831348419189453125E-16,0.85497606246075°,0.021328739999968094 s,298.4626007999759 s,Transfer,10,3,5,True,True,True,$1.2635002800000001
Claude 3.7 Sonnet,0%,100%,0%,0.565881658125753,4.76489414477321°,0.0005354155000459286 s,168.08394980001322 s,Normal,3,2,0,False,True,True,$0.29619300000000004
DeepSeek V3,0%,100%,0%,0.908853635292635,4.793974712094958°,0.00036519940000107455 s,113.94925139999941 s,Normal,5,0,0,False,False,True,$0.0255005
OpenAI GPT-4o,0%,100%,0%,0.9740894155517226,4.837246509114988°,0.00024351070010015973 s,65.07001160000073 s,Normal,2,3,0,False,True,True,$0.08002250000000001
DeepSeek R1 Distill Llama 70B,0%,100%,100%,0,0°,0.0004890156000001297 s,71.00822749999975 s,Normal,2,3,0,False,True,True,$0.0153479