Name,Success Rate (%),Failure Rate (%),Error Rate (%),Average Failure Distance,Average Failure Angle (°),Average Elapsed Time (s),Generation Time (s),Mode,Feedbacks Given,Forwards Kinematics Calls,Testing Calls,Reasoning,Functions,API,Cost ($)
Claude 3.7 Sonnet,100%,0%,0%,0,0°,0.000012906199972348985719199261634759778871739399619400501251220703125 s,31.890412300001117 s,Normal,0,3,0,False,True,True,$0.042858
IKPy,100%,0%,0%,0,0°,0.01148415589999058 s,0 s,,0,0,0,False,False,False,$0
OpenAI GPT-4o,1.9%,98.1%,0%,0.2832079967908321,0°,0.000001767100035067414937742561430178422909875735058449208736419677734375 s,77.13498660000005 s,Normal,2,3,0,False,True,True,$0.0666675
DeepSeek R1 Distill Llama 70B,0.6%,99.4%,0%,0.5393147759922693,0°,0.000004648799995266017842849605445909588752329000271856784820556640625 s,131.53727190000154 s,Normal,3,2,0,False,True,True,$0.027252929999999998
DeepSeek V3,0%,100%,83.8%,0.08828583556499445,0°,0.000004986600000847829831061852612350548952235840260982513427734375 s,233.70027210000444 s,Normal,4,1,0,False,True,True,$0.0109185