Name,Success Rate (%),Failure Rate (%),Error Rate (%),Average Failure Distance,Average Failure Angle (°),Average Elapsed Time (s),Generation Time (s),Mode,Feedbacks Given,Forwards Kinematics Calls,Testing Calls,Reasoning,Functions,API,Cost ($)
Claude 3.7 Sonnet,100%,0%,0%,0,0°,0.00021871630015812116 s,91.8823701999936 s,Transfer,3,1,3,False,True,True,$0.15403904999999998
IKPy,100%,0%,0%,0,0°,0.0034576904999921647 s,0 s,,0,0,0,False,False,False,$0
OpenAI GPT-4o,49.3%,50.7%,0%,2.5245505507691957576873106929231747139537824398299037387261023468454368412494659423828125E-16,6.283185307179648°,0.001580867600032434 s,71.13715500000217 s,Transfer,5,1,3,False,True,True,$0.11896455000000002
DeepSeek R1 Distill Llama 70B,5.8999999999999995%,94.1%,0%,0.4278822433481118,3.385308130435794°,0.0005728860000563145 s,5.37647520000246 s,Transfer,1,0,3,False,True,True,$0.01386992
DeepSeek V3,1.0999999999999999%,98.9%,0%,2.593707909781337496383735604766822181966730537054643956906829771469347178936004638671875E-16,0.7979216934143835°,0.00024201939999511524 s,138.35175619999973 s,Transfer,6,0,3,False,False,True,$0.03590385