Name,Success Rate (%),Failure Rate (%),Error Rate (%),Average Failure Distance,Average Failure Angle (°),Average Elapsed Time (s),Generation Time (s),Mode,Feedbacks Given,Forwards Kinematics Calls,Testing Calls,Reasoning,Functions,API,Cost ($)
Claude 3.7 Sonnet,100%,0%,0%,0,0°,0.000009904099997584125416281997100753642371273599565029144287109375 s,30.15769270000237 s,Normal,0,3,0,False,True,True,$0.041238
IKPy,100%,0%,0%,0,0°,0.01148415589999058 s,0 s,,0,0,0,False,False,False,$0
DeepSeek V3,0.3%,99.7%,0%,nan,0°,0.00003464949999488453852118652331881776262889616191387176513671875 s,261.50090099999943 s,Normal,4,1,0,False,True,True,$0.0146867
OpenAI GPT-4o,0.1%,99.9%,0%,0.5010719926187498,0°,0.0000032660999677318613908477522300710660374534199945628643035888671875 s,53.61739749999833 s,Normal,2,3,0,False,True,True,$0.05326500000000001
DeepSeek R1 Distill Llama 70B,0%,100%,0%,0.5866850731014115,0°,0.000011944500002300628463381380883756577304666279815137386322021484375 s,82.86819109999942 s,Normal,2,3,0,False,True,True,$0.01847774