Name,Success Rate (%),Failure Rate (%),Error Rate (%),Average Failure Distance,Average Failure Angle (°),Average Elapsed Time (s),Generation Time (s),Mode,Feedbacks Given,Forwards Kinematics Calls,Testing Calls,Reasoning,Functions,API,Cost ($)
DeepSeek R1,100%,0%,0%,0,0°,0.00027765819999240194 s,354.54323060000024 s,Normal,0,0,0,True,False,True,$0.0468994
IKPy,100%,0%,0%,0,0°,0.00603211090000696 s,0 s,,0,0,0,False,False,False,$0
Claude 3.7 Sonnet,0%,100%,0%,0.12527960957566794,3.4434243892743455°,0.00024627620010869575 s,223.93208179999783 s,Normal,2,3,0,False,True,True,$0.400566
DeepSeek R1 Distill Llama 70B,0%,100%,0%,0.47672098606908786,5.208238480511905°,0.0002204344998972374 s,77.54491440001584 s,Normal,5,0,0,False,True,True,$0.02235692
DeepSeek V3,0%,100%,0%,0.5142294811471962,2.4954047656529363°,0.00038413609997951423 s,174.45628769999985 s,Normal,5,0,0,False,False,True,$0.0272038
OpenAI GPT-4o,0%,100%,0%,0.6026304260981722,3.10434205529614°,0.0002271200000141107 s,38.27866239999821 s,Normal,1,4,0,False,True,True,$0.049080000000000006