Name,Success Rate (%),Failure Rate (%),Error Rate (%),Average Failure Distance,Average Failure Angle (°),Average Elapsed Time (s),Generation Time (s),Mode,Feedbacks Given,Forwards Kinematics Calls,Testing Calls,Reasoning,Functions,API,Cost ($)
DeepSeek R1,100%,0%,0%,0,0°,0.00022796300002300994 s,1370.1650546 s,Extend,0,1,2,True,False,True,$0.057770640000000005
IKPy,100%,0%,0%,0,0°,0.012340500400006938 s,0 s,,0,0,0,False,False,False,$0
OpenAI GPT-4o,16%,84%,0%,0.10576629939127784,0°,0.00022026800001003722 s,65.2280535000009 s,Extend,3,3,2,False,True,True,$0.10357224
Claude 3.7 Sonnet,1%,99%,0%,0.10245309690577582,0°,0.00022140220000187584 s,191.53686229999994 s,Dynamic,4,3,3,False,True,True,$0.37275344000000005
DeepSeek R1 Distill Llama 70B,1%,99%,0%,0.1236868351932264,0°,0.00021415919999890322 s,72.859596899998 s,Extend,3,3,2,False,True,True,$0.02990483
DeepSeek V3,0%,100%,0%,0.12435837826515744,0°,0.00021775450002496654 s,189.00732779999817 s,Extend,5,1,2,False,True,True,$0.03027804