Name,Success Rate (%),Failure Rate (%),Error Rate (%),Average Failure Distance,Average Failure Angle (°),Average Elapsed Time (s),Generation Time (s),Mode,Feedbacks Given,Forwards Kinematics Calls,Testing Calls,Reasoning,Functions,API,Cost ($)
IKPy,99.8%,0.2%,0%,0.022291578223391,0°,0.014938756400033528 s,0 s,,0,0,0,False,False,False,$0
DeepSeek R1 Distill Llama 70B,0.1%,99.9%,0%,0.29957062513070454,0°,0.00023193190000347385 s,38.44428219999918 s,Dynamic,2,5,4,False,True,True,$0.043431359999999995
Claude 3.7 Sonnet,0%,100%,0%,0.1505595449994691,0°,0.00022911869999916234 s,126.59598430000005 s,Dynamic,2,9,4,False,True,True,$0.24611846
DeepSeek V3,0%,100%,0%,0.15263289686302917,0°,0.0002224903999522212 s,241.69062179999673 s,Dynamic,6,5,4,False,True,True,$0.061304559999999994
DeepSeek R1,0%,100%,0%,0.32568798231034124,0°,0.00045661669997207354 s,854.7173623999979 s,Extend,4,1,3,True,False,True,$0.23891244
OpenAI GPT-4o,0%,100%,100%,0,0°,0.0002651856999618758 s,46.50971319999735 s,Dynamic,2,9,4,False,True,True,$0.09792096