Name,Success Rate (%),Failure Rate (%),Error Rate (%),Average Failure Distance,Average Failure Angle (°),Average Elapsed Time (s),Generation Time (s),Mode,Feedbacks Given,Forwards Kinematics Calls,Testing Calls,Reasoning,Functions,API,Cost ($)
OpenAI o3-mini,100%,0%,0%,0,0°,0.0005547600002755644 s,739.1050231999834 s,Normal,2,2,0,True,True,True,$0.38104550000000004
IKPy,58.199999999999996%,41.8%,0%,0.11744175864326376,0.02450110446588144°,0.0076003491999672365 s,0 s,,0,0,0,False,False,False,$0
Claude 3.7 Sonnet,0%,100%,0%,0.15556422986659024,3.4310415858262497°,0.0005702171000448288 s,281.03969239999424 s,Normal,3,2,0,False,True,True,$0.540414
DeepSeek R1 Distill Llama 70B,0%,100%,0%,0.5847598219536841,3.8752490696262596°,0.00020878429998265346 s,55.817176700002165 s,Normal,4,1,0,False,True,True,$0.01719273
DeepSeek R1,0%,100%,0%,0.5847598219536841,3.8752490696262596°,0.012681861900018703 s,2515.761861900006 s,Normal,5,0,0,True,False,True,$0.2554455
DeepSeek V3,0%,100%,0%,nan,nan°,0.00024137900000368974 s,128.59707560000152 s,Normal,5,0,0,False,False,True,$0.0301932
OpenAI GPT-4o,0%,100%,0%,0.5953472158281218,4.620669492036432°,0.00032258949995593865 s,102.11021539999638 s,Normal,3,2,0,False,True,True,$0.10755750000000001