Name,Success Rate (%),Failure Rate (%),Error Rate (%),Average Failure Distance,Average Failure Angle (°),Average Elapsed Time (s),Generation Time (s),Mode,Feedbacks Given,Forwards Kinematics Calls,Testing Calls,Reasoning,Functions,API,Cost ($)
OpenAI o3-mini,100%,0%,0%,0,0°,0.0002478482003498357 s,1552.0649843000137 s,Normal,2,2,0,True,True,True,$0.5669587
IKPy,99.8%,0.2%,0%,0.022291578223391,0°,0.014938756400033528 s,0 s,,0,0,0,False,False,False,$0
DeepSeek V3,0.2%,99.8%,0%,0.15012620171633362,0°,0.00022512659999119933 s,280.51321670000107 s,Normal,5,0,0,False,False,True,$0.0242861
Claude 3.7 Sonnet,0%,100%,0%,0.41245133259541156,0°,0.0002480701999884332 s,123.09519650000584 s,Normal,2,3,0,False,True,True,$0.20791199999999999
DeepSeek R1 Distill Llama 70B,0%,100%,0%,0.5847598219536841,0°,0.0002124503999875742 s,75.64671860000453 s,Normal,4,1,0,False,True,True,$0.018629999999999997
DeepSeek R1,0%,100%,0%,0.5847598219536841,0°,0.00047933790002934986 s,1898.7654323000002 s,Normal,5,0,0,True,False,True,$0.25548420000000005
OpenAI GPT-4o,0%,100%,0%,nan,0°,0.00026618350001263023 s,67.91620689999581 s,Normal,1,4,0,False,True,True,$0.05668