Name,Success Rate (%),Failure Rate (%),Error Rate (%),Average Failure Distance,Average Failure Angle (°),Average Elapsed Time (s),Generation Time (s),Mode,Feedbacks Given,Forwards Kinematics Calls,Testing Calls,Reasoning,Functions,API,Cost ($)
IKPy,56.00000000000000710542735760100185871124267578125%,44%,0%,0.1173513403305614100080589423669152893126010894775390625,0.01268409555868640729847651726913682068698108196258544921875°,0.006631703999964838440461800672665049205534160137176513671875 s,0 s,,0,0,0,False,False,False,$0