Name,Success Rate (%),Failure Rate (%),Error Rate (%),Average Failure Distance,Average Failure Angle (°),Average Elapsed Time (s),Generation Time (s),Mode,Feedbacks Given,Forwards Kinematics Calls,Testing Calls,Reasoning,Functions,API,Cost ($)
IKPy,58.199999999999996%,41.8%,0%,0.11744175864326376,0.02450110446588144°,0.0076003491999672365 s,0 s,,0,0,0,False,False,False,$0
DeepSeek R1 Distill Llama 70B,0%,100%,0%,0.5847598219536841,3.8752490696262596°,0.00020878429998265346 s,55.817176700002165 s,Normal,4,1,0,False,True,True,$0.01719273
DeepSeek V3,0%,100%,0%,nan,nan°,0.00024137900000368974 s,128.59707560000152 s,Normal,5,0,0,False,False,True,$0.0301932
OpenAI GPT-4o,0%,100%,0%,0.5953472158281218,4.620669492036432°,0.00032258949995593865 s,102.11021539999638 s,Normal,3,2,0,False,True,True,$0.10755750000000001