Name,Success Rate (%),Failure Rate (%),Error Rate (%),Average Failure Distance,Average Failure Angle (째),Average Elapsed Time (s),Generation Time (s),Mode,Feedbacks Given,Forwards Kinematics Calls,Testing Calls,Reasoning,Functions,API,Cost ($)
IKPy,100%,0%,0%,0,0째,0.010578440600062104 s,0 s,,0,0,0,False,False,False,$0
DeepSeek R1 Distill Llama 70B,10.299999999999999%,89.7%,0%,0.07113149563626853,0째,0.0000034044999999878198504422131820401631330241798423230648040771484375 s,39.477983500000164 s,Normal,3,0,0,False,True,True,$0.00896034
DeepSeek V3,0.2%,99.8%,0%,0.14227008644972103,0째,0.000005708500017135520208174000178491525048229959793388843536376953125 s,239.27646549999918 s,Normal,5,0,0,False,True,True,$0.0192654