Name,Success Rate (%),Failure Rate (%),Error Rate (%),Average Failure Distance,Average Failure Angle (°),Average Elapsed Time (s),Generation Time (s),Mode,Feedbacks Given,Forwards Kinematics Calls,Testing Calls,Reasoning,Functions,API,Cost ($)
IKPy,99.8%,0.2%,0%,0.18708575676058103,3.4702358821166577°,0.004381045699992662 s,0 s,,0,0,0,False,False,False,$0
Claude 3.7 Sonnet,4%,96%,0%,2.421041564249516690792155729512330995764453280168215787426788665470667183399200439453125E-16,5.015834703864524°,0.000042855500003497585289995164270493432923103682696819305419921875 s,82.44007079999938 s,Transfer,2,7,1,False,True,True,$0.17942399999999997