Name,Success Rate (%),Failure Rate (%),Error Rate (%),Average Failure Distance,Average Failure Angle (°),Average Elapsed Time (s),Generation Time (s),Mode,Feedbacks Given,Forwards Kinematics Calls,Testing Calls,Reasoning,Functions,API,Cost ($)
IKPy,99.8%,0.2%,0%,0.18708575676058103,3.4702358821166577°,0.004381045699992662 s,0 s,,0,0,0,False,False,False,$0
DeepSeek V3,0.2%,99.8%,0%,2.425081117775277697110854011416029745240989534162123764104990186751820147037506103515625E-16,4.72495865741895°,0.0002157407999784482 s,166.88243109999894 s,Dynamic,2,3,2,False,True,True,$0.01926613
OpenAI GPT-4o,0%,100%,0%,0.12273319796893294,4.892477824968045°,0.0002202629000194065 s,81.58467500000006 s,Dynamic,5,0,2,False,True,True,$0.16788923000000003
DeepSeek R1 Distill Llama 70B,0%,100%,100%,0,0°,30 s,50.56865839999955 s,Transfer,3,4,2,False,True,True,$0.02691023