Name,Success Rate (%),Failure Rate (%),Error Rate (%),Average Failure Distance,Average Failure Angle (°),Average Elapsed Time (s),Generation Time (s),Mode,Feedbacks Given,Forwards Kinematics Calls,Testing Calls,Reasoning,Functions,API,Cost ($)
Claude 3.7 Sonnet,100%,0%,0%,0,0°,0.00029830980006227036 s,57.27794939999876 s,Normal,1,3,0,False,True,True,$0.081285
IKPy,99.8%,0.2%,0%,0.18708575676058103,3.4702358821166577°,0.004381045699992662 s,0 s,,0,0,0,False,False,False,$0
DeepSeek R1 Distill Llama 70B,1.0999999999999999%,98.9%,0%,0.0718716548203177,3.9866418545581004°,0.0003209279000402603 s,80.04739819999668 s,Normal,3,0,0,False,True,True,$0.018906229999999996
DeepSeek V3,0.2%,99.8%,0%,2.425081117775277697110854011416029745240989534162123764104990186751820147037506103515625E-16,4.72495865741895°,0.00021708860000717322 s,126.9945629000008 s,Transfer,5,0,1,False,False,True,$0.028564739999999998
OpenAI GPT-4o,0.1%,99.9%,0%,2.4245639323916376088330359913599205747982315664081076622693444733158685266971588134765625E-16,4.575394945038598°,0.0011848210000025574 s,28.93786529999852 s,Transfer,1,2,1,False,True,True,$0.04095564