Name,Success Rate (%),Failure Rate (%),Error Rate (%),Average Failure Distance,Average Failure Angle (°),Average Elapsed Time (s),Generation Time (s),Mode,Feedbacks Given,Forwards Kinematics Calls,Testing Calls,Reasoning,Functions,API,Cost ($)
Claude 3.7 Sonnet,100%,0%,0%,0,0°,0.0002536526000035337 s,73.3299549999997 s,Extend,1,3,1,False,True,True,$0.10091048
IKPy,99.8%,0.2%,0%,0.18708575676058103,3.4702358821166577°,0.004381045699992662 s,0 s,,0,0,0,False,False,False,$0
OpenAI GPT-4o,0.2%,99.8%,0%,0.11230506106476484,2.7189895676247398°,0.00021658140002546133 s,42.29339179999988 s,Transfer,2,3,2,False,True,True,$0.06805217000000001
DeepSeek V3,0%,100%,0%,0.12330538105986698,4.977584113578043°,0.00025908519998120026 s,222.28689230000055 s,Transfer,5,2,2,False,True,True,$0.038152969999999994
DeepSeek R1 Distill Llama 70B,0%,100%,100%,0,0°,30 s,50.56865839999955 s,Transfer,3,4,2,False,True,True,$0.02691023