Name,Success Rate (%),Failure Rate (%),Error Rate (%),Average Failure Distance,Average Failure Angle (°),Average Elapsed Time (s),Generation Time (s),Mode,Feedbacks Given,Forwards Kinematics Calls,Testing Calls,Reasoning,Functions,API,Cost ($)
Claude 3.7 Sonnet,100%,0%,0%,0,0°,0.00001191979997929593025596771427299103152108727954328060150146484375 s,28.17703650000294 s,Normal,0,4,0,False,True,True,$0.043317
IKPy,100%,0%,0%,0,0°,0.010578440600062104 s,0 s,,0,0,0,False,False,False,$0
DeepSeek V3,3.4000000000000004%,96.6%,0%,0.1233098856057684,0°,0.000002452399990943376784243400157148329299161559902131557464599609375 s,294.9887791000001 s,Normal,5,0,0,False,True,True,$0.0209479
DeepSeek R1 Distill Llama 70B,3.2%,96.8%,0%,0.10517233361790951,0°,0.0000066649999935179945350868270514954616601244197227060794830322265625 s,173.16215330000068 s,Normal,5,0,0,False,True,True,$0.03796035
OpenAI GPT-4o,2.1%,97.89999999999999%,0%,0.1252380976774281,0°,0.000001867200000560842422246189166445962115403744974173605442047119140625 s,53.851542499998686 s,Normal,2,1,0,False,True,True,$0.03941