Name,Success Rate (%),Failure Rate (%),Error Rate (%),Average Failure Distance,Average Failure Angle (°),Average Elapsed Time (s),Generation Time (s),Mode,Feedbacks Given,Forwards Kinematics Calls,Testing Calls,Reasoning,Functions,API,Cost ($)
Claude 3.7 Sonnet,100%,0%,0%,0,0°,0.00008150490003754385401162074753500519364024512469768524169921875 s,31.708304199999475 s,Normal,0,4,0,False,True,True,$0.046887
IKPy,100%,0%,0%,0,0°,0.010578440600062104 s,0 s,,0,0,0,False,False,False,$0
DeepSeek R1 Distill Llama 70B,10.299999999999999%,89.7%,0%,0.07113149563626853,0°,0.0000034044999999878198504422131820401631330241798423230648040771484375 s,39.477983500000164 s,Normal,3,0,0,False,True,True,$0.00896034
OpenAI GPT-4o,0.4%,99.6%,0%,0.07115716813950797,0°,0.00000334859997747116740123636720316557813248437014408409595489501953125 s,101.55463250000139 s,Normal,4,1,0,False,True,True,$0.11457250000000002
DeepSeek V3,0.2%,99.8%,0%,0.14227008644972103,0°,0.000005708500017135520208174000178491525048229959793388843536376953125 s,239.27646549999918 s,Normal,5,0,0,False,True,True,$0.0192654