Name,Success Rate (%),Failure Rate (%),Error Rate (%),Average Failure Distance,Average Failure Angle (째),Average Elapsed Time (s),Generation Time (s),Mode,Feedbacks Given,Forwards Kinematics Calls,Testing Calls,Reasoning,Functions,API,Cost ($)
IKPy,99.8%,0.2%,0%,0.18708575676058103,3.4702358821166577째,0.004381045699992662 s,0 s,,0,0,0,False,False,False,$0
DeepSeek R1 Distill Llama 70B,1.0999999999999999%,98.9%,0%,0.0718716548203177,3.9866418545581004째,0.0003209279000402603 s,80.04739819999668 s,Normal,3,0,0,False,True,True,$0.018906229999999996
DeepSeek V3,0.2%,99.8%,0%,2.425081117775277697110854011416029745240989534162123764104990186751820147037506103515625E-16,4.72495865741895째,0.00021708860000717322 s,126.9945629000008 s,Transfer,5,0,1,False,False,True,$0.028564739999999998