Name,Success Rate (%),Failure Rate (%),Error Rate (%),Average Failure Distance,Average Failure Angle (°),Average Elapsed Time (s),Generation Time (s),Mode,Feedbacks Given,Forwards Kinematics Calls,Testing Calls,Reasoning,Functions,API,Cost ($)
IKPy,55.7%,44.3%,0%,0.18850942142949342,0.04030914547118919°,0.004945336599999799 s,0 s,,0,0,0,False,False,False,$0
OpenAI GPT-4o,0%,100%,0%,0.09464487950111415,4.420228398669318°,0.002320093900038046 s,67.28999470000053 s,Normal,2,3,0,False,True,True,$0.07731500000000001
DeepSeek V3,0%,100%,0%,0.14689687202624582,4.383337996473611°,0.0002207148999968922 s,145.27635330000157 s,Normal,5,0,0,False,False,True,$0.026575599999999998
DeepSeek R1 Distill Llama 70B,0%,100%,100%,0,0°,0.0013901092000305653 s,57.15175179999642 s,Normal,2,0,0,False,True,True,$0.01095651