Name,Success Rate (%),Failure Rate (%),Error Rate (%),Average Failure Distance,Average Failure Angle (°),Average Elapsed Time (s),Generation Time (s),Mode,Feedbacks Given,Forwards Kinematics Calls,Testing Calls,Reasoning,Functions,API,Cost ($)
Claude 3.7 Sonnet,100%,0%,0%,0,0°,0.0005510983999888595 s,122.76941679999982 s,Transfer,2,8,3,False,True,True,$0.22377719000000001
IKPy,55.7%,44.3%,0%,0.18850942142949342,0.04030914547118919°,0.004945336599999799 s,0 s,,0,0,0,False,False,False,$0
DeepSeek V3,51.7%,48.3%,0%,2.650411793057836167750487444963140414165946707157617279193573267548345029354095458984375E-16,1.6916870300901627°,0.0010209226999813837 s,296.83417790000203 s,Transfer,6,5,3,False,True,True,$0.06383029
OpenAI GPT-4o,0.1%,99.9%,0%,2.6205800665139616979989027296218938197233398116996194726624480608734302222728729248046875E-16,2.8221074501462606°,0.00022224470003857279 s,23.420385700002953 s,Transfer,1,8,3,False,True,True,$0.06357819
DeepSeek R1 Distill Llama 70B,0.1%,99.9%,0%,2.620642176657435143788403544042449951882942375987195493536319190752692520618438720703125E-16,2.9552995835393197°,0.0002991328000007343 s,87.80146669999885 s,Transfer,4,7,3,False,True,True,$0.05308238999999999