Name,Success Rate (%),Failure Rate (%),Error Rate (%),Average Failure Distance,Average Failure Angle (°),Average Elapsed Time (s),Generation Time (s),Mode,Feedbacks Given,Forwards Kinematics Calls,Testing Calls,Reasoning,Functions,API,Cost ($)
IKPy,55.7%,44.3%,0%,0.18850942142949342,0.04030914547118919°,0.004945336599999799 s,0 s,,0,0,0,False,False,False,$0
DeepSeek R1 Distill Llama 70B,0.1%,99.9%,0%,2.620642176657435143788403544042449951882942375987195493536319190752692520618438720703125E-16,2.9552995835393197°,0.0002991328000007343 s,87.80146669999885 s,Transfer,4,7,3,False,True,True,$0.05308238999999999