Name,Success Rate (%),Failure Rate (%),Error Rate (%),Average Failure Distance,Average Failure Angle (°),Average Elapsed Time (s),Generation Time (s),Mode,Feedbacks Given,Forwards Kinematics Calls,Testing Calls,Reasoning,Functions,API,Cost ($)
IKPy,100%,0%,0%,0,0°,0.011472267800001646 s,0 s,,0,0,0,False,False,False,$0
DeepSeek V3,14.7%,85.3%,0%,0.07335782722774181,0°,0.0000059955000069749076529253446754541556629192200489342212677001953125 s,194.82646029999887 s,Dynamic,5,3,2,False,True,True,$0.03201797
Claude 3.7 Sonnet,13.600000000000001%,86.4%,0%,0.0852822829315872,0°,0.00007271399997443950898208531175015423286822624504566192626953125 s,91.20758059999571 s,Normal,1,4,0,False,True,True,$0.13845300000000002
OpenAI GPT-4o,0%,100%,0%,0.09664453807539296,0°,0.0000022532000475621314481322783607186721610560198314487934112548828125 s,105.27827500000058 s,Dynamic,5,3,2,False,True,True,$0.12393037000000001
DeepSeek R1 Distill Llama 70B,0%,100%,51.800000000000004%,0.08527196526965762,0°,0.0000033519999960844871266592466529932181629192200489342212677001953125 s,62.28570190000028 s,Dynamic,2,4,2,False,True,True,$0.03145549