Name,Success Rate (%),Failure Rate (%),Error Rate (%),Average Failure Distance,Average Failure Angle (째),Average Elapsed Time (s),Generation Time (s),Mode,Feedbacks Given,Forwards Kinematics Calls,Testing Calls,Reasoning,Functions,API,Cost ($)
Claude 3.7 Sonnet,100%,0%,0%,0,0째,0.0002103672000125698 s,30.55271990000074 s,Transfer,3,3,3,False,True,True,$0.111086
IKPy,99.5%,0.5%,0%,0.161227785277114,5.9686548297388935째,0.004204866300002316 s,0 s,,0,0,0,False,False,False,$0
OpenAI GPT-4o,0.7000000000000001%,99.3%,0%,2.3677631891550587357850938444610312115971587835876188687933563414844684302806854248046875E-16,2.0974882186035484째,0.000212518399948749 s,30.995940499997232 s,Transfer,4,2,3,False,True,True,$0.113369