Name,Success Rate (%),Failure Rate (%),Error Rate (%),Average Failure Distance,Average Failure Angle (°),Average Elapsed Time (s),Generation Time (s),Mode,Feedbacks Given,Forwards Kinematics Calls,Testing Calls,Reasoning,Functions,API,Cost ($)
IKPy,99.5%,0.5%,0%,0.161227785277114,5.9686548297388935°,0.004204866300002316 s,0 s,,0,0,0,False,False,False,$0
DeepSeek R1 Distill Llama 70B,0.3%,99.7%,0%,2.361902177967010964637124225870809358861123947691262880965723525150679051876068115234375E-16,1.6171843094685578°,0.000001833800001804775135102435097700368515916125033982098102569580078125 s,77.58585569999923 s,Normal,3,2,0,False,True,True,$0.021184609999999996