Name,Success Rate (%),Failure Rate (%),Error Rate (%),Average Failure Distance,Average Failure Angle (°),Average Elapsed Time (s),Generation Time (s),Mode,Feedbacks Given,Forwards Kinematics Calls,Testing Calls,Reasoning,Functions,API,Cost ($)
IKPy,99%,1%,0%,0.1645999188768020038420303308157599531114101409912109375,5.83828077844569914844896629801951348781585693359375°,0.0030342010000186099387409210947907922673039138317108154296875 s,0 s,,0,0,0,False,False,False,$0