Name,Success Rate (%),Failure Rate (%),Error Rate (%),Average Failure Distance,Average Failure Angle (째),Average Elapsed Time (s),Generation Time (s),Mode,Feedbacks Given,Forwards Kinematics Calls,Testing Calls,Reasoning,Functions,API,Cost ($)
IKPy,100%,0%,0%,0,0째,0.010080818900003572 s,0 s,,0,0,0,False,False,False,$0
DeepSeek V3,0.5%,99.5%,0%,0.1055854917342353,0째,0.00000342199998704018077731281270714713826919251005165278911590576171875 s,203.61495930000092 s,Normal,5,0,0,False,True,True,$0.0136782
DeepSeek R1 Distill Llama 70B,0%,100%,100%,0,0째,0.0000031182999957763966980919291549501082272399798966944217681884765625 s,153.1041472999998 s,Normal,4,0,0,False,True,True,$0.03236491