Name,Success Rate (%),Failure Rate (%),Error Rate (%),Average Failure Distance,Average Failure Angle (°),Average Elapsed Time (s),Generation Time (s),Mode,Feedbacks Given,Forwards Kinematics Calls,Testing Calls,Reasoning,Functions,API,Cost ($),Chains
IKPy,99.93333333333334%,0.06666666666666667%,0%,0.007430526074463667,0°,0.01612196726668662 s,0 s,,0.0,0.0,0.0,False,False,False,$0,3
OpenAI GPT-4o,0.9333333333333332%,99.06666666666666%,0.25%,0.285879202824586,0°,0.0005409599999998137 s,65.56483123333373 s,Cumulative,7.666666666666667,7.166666666666667,8.833333333333334,False,True,True,$0.20363105666666667,6
DeepSeek V3,0.44999999999999996%,99.55%,45.1%,0.08326665268048779,0°,0.00025843460000851335 s,195.1844148500004 s,Cumulative,6.5,6.0,7.5,False,True,True,$0.078909855,2
DeepSeek R1 Distill Llama 70B,0.15000000000000002%,99.85%,0%,0.28220836353924916,0°,0.0002296491500078446 s,40.50259310000001 s,Cumulative,2.5,6.5,7.5,False,True,True,$0.064930955,2