Name,Success Rate (%),Failure Rate (%),Error Rate (%),Average Failure Distance,Average Failure Angle (°),Average Elapsed Time (s),Generation Time (s),Mode,Feedbacks Given,Forwards Kinematics Calls,Testing Calls,Reasoning,Functions,API,Cost ($),Chains
IKPy,100%,0%,0%,0,0°,0.011739797425006603 s,0 s,,0.0,0.0,0.0,False,False,False,$0,4
OpenAI GPT-4o,16.833333333333332%,83.16666666666667%,9.816666666666666%,0.48008342469502446,0°,0.0003847811833303846 s,76.0506434666667 s,Cumulative,5.5,2.6666666666666665,4.0,False,True,True,$0.14071695333333334,6
DeepSeek R1 Distill Llama 70B,10.14%,89.86%,11.05%,0.3648575176404114,0°,0.004044342120008968 s,87.49717122999922 s,Cumulative,4.3,2.2,2.9,False,True,True,$0.037044467,10
DeepSeek V3,3.6285714285714286%,96.37142857142858%,8.6%,nan,0°,0.000231941428573139 s,181.65324038571453 s,Cumulative,5.571428571428571,1.2857142857142858,3.4285714285714284,False,True,True,$0.03700692571428572,7