Name,Success Rate (%),Failure Rate (%),Error Rate (%),Average Failure Distance,Average Failure Angle (째),Average Elapsed Time (s),Generation Time (s),Mode,Feedbacks Given,Forwards Kinematics Calls,Testing Calls,Reasoning,Functions,API,Cost ($),Chains
IKPy,85.85%,14.149999999999999%,0%,0.05421877417493083,1.2744719782181653째,0.006324592350003061 s,0 s,,0.0,0.0,0.0,False,False,False,$0,4
DeepSeek V3,0.023076923076923075%,99.97692307692309%,7.6923076923076925%,0.3116085903687264,3.710451202709626째,0.0002504906307679519 s,147.6062685923079 s,Cumulative,5.461538461538462,0.0,2.076923076923077,False,False,True,$0.02994018153846154,13
DeepSeek R1 Distill Llama 70B,0.01%,99.99%,30%,0.4098632200103647,3.236587379507695째,0.006106808169992655 s,49.29816369000182 s,Cumulative,3.4,1.4,2.1,False,True,True,$0.018788791999999995,10