Name,Success Rate (%),Failure Rate (%),Error Rate (%),Average Failure Distance,Average Failure Angle (°),Average Elapsed Time (s),Generation Time (s),Mode,Feedbacks Given,Forwards Kinematics Calls,Testing Calls,Reasoning,Functions,API,Cost ($),Chains
IKPy,99.97999999999999%,0.02%,0%,0.027436694218222802,0°,0.007916229540002682 s,0 s,,0.0,0.0,0.0,False,False,False,$0,5
DeepSeek R1 Distill Llama 70B,36.71818181818182%,63.28181818181818%,15.745454545454544%,0.21216378092063143,0°,0.000567428636372907 s,69.66864446363483 s,Dynamic,2.6363636363636362,0.7272727272727273,0.8181818181818182,False,True,True,$0.01785155454545454,11