Name,Success Rate (%),Failure Rate (%),Error Rate (%),Average Failure Distance,Average Failure Angle (°),Average Elapsed Time (s),Generation Time (s),Mode,Feedbacks Given,Forwards Kinematics Calls,Testing Calls,Reasoning,Functions,API,Cost ($),Chains
IKPy,99.8%,0.2%,0%,0.05967200404197301,0°,0.020187946599975484 s,0 s,,0.0,0.0,0.0,False,False,False,$0,1
Claude 3.7 Sonnet Thinking,0.03333333333333333%,99.96666666666665%,0%,nan,0°,0.00817249346668056 s,390.4526137333111 s,Cumulative,11.0,5.333333333333333,13.0,True,True,True,$1.4895925933333336,3
Claude 3.7 Sonnet,0%,100%,0%,nan,0°,0.0002483523998671444 s,179.7923619000006 s,Cumulative,5.333333333333333,2.6666666666666665,8.0,False,True,True,$0.3611721866666667,3
DeepSeek R1,0%,100%,0%,0.5960737751582986,0°,0.0003267828333279492 s,900.7790927666678 s,Cumulative,7.666666666666667,0.6666666666666666,8.333333333333334,True,False,True,$0.3343907666666666,3
OpenAI GPT-4o,0%,100%,0%,0.8112507792527216,0°,0.002026900533322987 s,81.00755333333412 s,Cumulative,5.333333333333333,2.6666666666666665,8.0,False,True,True,$0.1205321866666667,3
DeepSeek V3,0%,100%,5.6000000000000005%,0.6975399836820669,0°,0.00024585453333340483 s,154.72866323333332 s,Cumulative,8.0,0.6666666666666666,8.0,False,False,True,$0.054168753333333326,3
DeepSeek R1 Distill Llama 70B,0%,100%,17.05%,0.5210187757963392,0°,0.00022792600002139807 s,35.2212065499989 s,Cumulative,6.0,2.5,10.5,False,True,True,$0.05334286499999999,2
OpenAI o1,0%,100%,33.333333333333336%,0.6246393475628719,0°,inf s,273.5144384666831 s,Cumulative,12.333333333333334,3.3333333333333335,13.0,True,False,True,$3.4751965933333326,3
OpenAI o3-mini,0%,100%,66.66666666666667%,0.12638609807621948,0°,0.044910819066688416 s,1145.5296220000066 s,Cumulative,12.666666666666666,3.6666666666666665,13.0,True,True,True,$1.4895724600000004,3