Name,Success Rate (%),Failure Rate (%),Error Rate (%),Average Failure Distance,Average Failure Angle (째),Average Elapsed Time (s),Generation Time (s),Mode,Feedbacks Given,Forwards Kinematics Calls,Testing Calls,Reasoning,Functions,API,Cost ($),Chains
IKPy,98.03999999999999%,1.9599999999999997%,0%,0.06986716143127181,3.1415814587556334째,0.004155995359999357 s,0 s,,0.0,0.0,0.0,False,False,False,$0,5
OpenAI GPT-4o,0%,100%,0%,0.05328984753745777,3.2885430522257733째,0.00000240914998266816816029078918148798038600943982601165771484375 s,37.68447560000186 s,Normal,1.5,2.5,0.5,False,True,True,$0.05897875,2
DeepSeek R1 Distill Llama 70B,0%,100%,0%,0.4001422724643434,3.209741784377634째,0.00465618205000328 s,72.8814210000005 s,Normal,4.0,1.0,0.0,False,True,True,$0.01968524,2