Name,Success Rate (%),Failure Rate (%),Error Rate (%),Average Failure Distance,Average Failure Angle (째),Average Elapsed Time (s),Generation Time (s),Mode,Feedbacks Given,Forwards Kinematics Calls,Testing Calls,Reasoning,Functions,API,Cost ($),Chains
IKPy,85.85%,14.149999999999999%,0%,0.05421877417493083,1.2744719782181653째,0.006324592350003061 s,0 s,,0.0,0.0,0.0,False,False,False,$0,4
OpenAI GPT-4o,0.26666666666666666%,99.73333333333333%,6.8%,0.361374199392617,3.6126116406036406째,0.00025687083333468763 s,66.66206710000006 s,Cumulative,5.333333333333333,3.3333333333333335,4.0,False,True,True,$0.14215819333333335,3
DeepSeek R1 Distill Llama 70B,0.1%,99.9%,0%,2.620642176657435143788403544042449951882942375987195493536319190752692520618438720703125E-16,2.9552995835393197째,0.0002991328000007343 s,87.80146669999885 s,Transfer,4.0,7.0,3.0,False,True,True,$0.05308238999999999,1