Name,Success Rate (%),Failure Rate (%),Error Rate (%),Average Failure Distance,Average Failure Angle (°),Average Elapsed Time (s),Generation Time (s),Mode,Feedbacks Given,Forwards Kinematics Calls,Testing Calls,Reasoning,Functions,API,Cost ($),Chains
IKPy,66.3333333333333285963817615993320941925048828125%,0.66666666666666662965923251249478198587894439697265625%,0%,0.002919306277775667035623285983092500828206539154052734375,0°,0.01391349133335702779878939594482289976440370082855224609375 s,0 s,,0.0,0.0,0.0,False,False,False,$0,3