Name,Success Rate (%),Failure Rate (%),Error Rate (%),Average Failure Distance,Average Failure Angle (°),Average Elapsed Time (s),Generation Time (s),Mode,Feedbacks Given,Forwards Kinematics Calls,Testing Calls,Reasoning,Functions,API,Cost ($),Chains
IKPy,37.75%,12.75%,0%,0.048090377608679325815987937176032573916018009185791015625,1.6479458310814705246372113833785988390445709228515625°,0.005392116249981896043685924979627088760025799274444580078125 s,0 s,,0.0,0.0,0.0,False,False,False,$0,4