Name,Success Rate (%),Failure Rate (%),Error Rate (%),Average Failure Distance,Average Failure Angle (°),Average Elapsed Time (s),Generation Time (s),Mode,Feedbacks Given,Forwards Kinematics Calls,Testing Calls,Reasoning,Functions,API,Cost ($),Chains
DeepSeek R1,100%,0%,0%,0,0°,0.0002410936000093595 s,1682.9235813666662 s,Normal,1.6666666666666667,1.0,1.3333333333333333,True,False,True,$0.10145667333333334,3
IKPy,100%,0%,0%,0,0°,0.011739797425006603 s,0 s,,0.0,0.0,0.0,False,False,False,$0,4
DeepSeek R1 Distill Llama 70B,10.14%,89.86%,11.05%,0.3648575176404114,0°,0.004044342120008968 s,87.49717122999922 s,Cumulative,4.3,2.2,2.9,False,True,True,$0.037044467,10
OpenAI GPT-4o,2.2222222222222223%,97.77777777777777%,1.7444444444444445%,0.3963244516833679,0°,0.00022403317778258092 s,57.106306911110245 s,Cumulative,4.0,2.5555555555555554,3.0,False,True,True,$0.11257593444444446,9
Claude 3.7 Sonnet,0.2777777777777778%,99.72222222222223%,0%,0.46603683580898075,0°,0.0002293197777766333 s,131.57124428888866 s,Cumulative,3.2222222222222223,4.888888888888889,3.5555555555555554,False,True,True,$0.2589043744444445,9
DeepSeek V3,0.1888888888888889%,99.8111111111111%,22.22222222222222%,0.43862907934148543,0°,0.00019905965555739788 s,209.2692800555556 s,Cumulative,5.111111111111111,1.0,3.0,False,True,True,$0.034490490000000006,9