Name,Success Rate (%),Failure Rate (%),Error Rate (%),Average Failure Distance,Average Failure Angle (째),Average Elapsed Time (s),Generation Time (s),Mode,Feedbacks Given,Forwards Kinematics Calls,Testing Calls,Reasoning,Functions,API,Cost ($),Chains
IKPy,99.97999999999999%,0.02%,0%,0.027436694218222802,0째,0.007916229540002682 s,0 s,,0.0,0.0,0.0,False,False,False,$0,5
DeepSeek R1 Distill Llama 70B,22.06%,77.94%,20%,0.2395579208384373,0째,0.000005450159998781600373721732688547803036271943710744380950927734375 s,80.44030177999988 s,Normal,2.6,0.8,0.0,False,True,True,$0.01757085,5
DeepSeek V3,0.25%,99.75%,10.35%,nan,0째,0.00001198824999573844336179899439098761604327592067420482635498046875 s,224.01134464999996 s,Normal,4.25,0.25,0.0,False,True,True,$0.01394685,4