Name,Success Rate (%),Failure Rate (%),Error Rate (%),Average Failure Distance,Average Failure Angle (°),Average Elapsed Time (s),Generation Time (s),Mode,Feedbacks Given,Forwards Kinematics Calls,Testing Calls,Reasoning,Functions,API,Cost ($),Chains
IKPy,100%,0%,0%,0,0°,0.011739797425006603 s,0 s,,0.0,0.0,0.0,False,False,False,$0,4
Claude 3.7 Sonnet,14.914285714285715%,85.08571428571429%,0%,0.31625653140739934,0°,0.0000305175714363161050546313646236740169115364551544189453125 s,111.36912605714419 s,Dynamic,1.8571428571428572,4.714285714285714,0.8571428571428571,False,True,True,$0.20898545857142858,7
DeepSeek R1 Distill Llama 70B,0%,100%,0%,0.5246976976300791,0°,0.0000356339666732310411645899550503457930972217582166194915771484375 s,108.59276880000031 s,Cumulative,4.666666666666667,2.3333333333333335,1.6666666666666667,False,True,True,$0.03469833666666666,3
DeepSeek V3,0%,100%,0%,0.8558835724275243,0°,0.000006400400014172191636764065736375783899347879923880100250244140625 s,228.45536104999974 s,Dynamic,5.5,1.0,1.5,False,True,True,$0.02370237,2
OpenAI GPT-4o,0%,100%,2.8000000000000003%,0.5985064870633696,0°,0.0000073162666618979224991367073249737273954451666213572025299072265625 s,89.74916503333468 s,Dynamic,3.6666666666666665,3.0,1.6666666666666667,False,True,True,$0.10195267666666669,3