Name,Success Rate (%),Failure Rate (%),Error Rate (%),Average Failure Distance,Average Failure Angle (째),Average Elapsed Time (s),Generation Time (s),Mode,Feedbacks Given,Forwards Kinematics Calls,Testing Calls,Reasoning,Functions,API,Cost ($),Chains
IKPy,98.03999999999999%,1.9599999999999997%,0%,0.06986716143127181,3.1415814587556334째,0.004155995359999357 s,0 s,,0.0,0.0,0.0,False,False,False,$0,5
Claude 3.7 Sonnet,38.416666666666664%,61.583333333333336%,0%,0.17432949857092953,3.1931670619209704째,0.0000307190666517271961945788338876894840723252855241298675537109375 s,140.42896363333207 s,Normal,2.5,4.0,0.5,False,True,True,$0.2680765,6
DeepSeek R1 Distill Llama 70B,0.09999999999999999%,99.89999999999999%,33.333333333333336%,0.0394598873808314,1.9300748589858816째,0.000001956333325021356969622247923279445558364386670291423797607421875 s,62.34636306666622 s,Normal,2.6666666666666665,1.6666666666666667,0.3333333333333333,False,True,True,$0.016447146666666666,3