Name,Success Rate (%),Failure Rate (%),Error Rate (%),Average Failure Distance,Average Failure Angle (°),Average Elapsed Time (s),Generation Time (s),Mode,Feedbacks Given,Forwards Kinematics Calls,Testing Calls,Reasoning,Functions,API,Cost ($),Chains
IKPy,72.5%,27.5%,0%,0.1331057187256857,0.1089643951976356°,0.00972721935001937 s,0 s,,0.0,0.0,0.0,False,False,False,$0,2
OpenAI GPT-4o,0%,100%,0%,0.6613854347631907,4.65362729134729°,0.00026074256003703335 s,46.832219920000355 s,Dynamic,2.4,3.6,3.4,False,True,True,$0.09574708000000001,5
DeepSeek V3,0%,100%,0%,0.661503833876208,4.231100546090769°,0.0008353044333399948 s,139.7049791166669 s,Cumulative,5.666666666666667,0.0,3.3333333333333335,False,False,True,$0.038650496666666666,6
DeepSeek R1 Distill Llama 70B,0%,100%,80%,0.09236363886713647,0.8864138232961576°,inf s,51.643543659999885 s,Cumulative,3.6,2.2,4.0,False,True,True,$0.022689545999999998,5