Name,Success Rate (%),Failure Rate (%),Error Rate (%),Average Failure Distance,Average Failure Angle (°),Average Elapsed Time (s),Generation Time (s),Mode,Feedbacks Given,Forwards Kinematics Calls,Testing Calls,Reasoning,Functions,API,Cost ($),Chains
IKPy,98.03999999999999%,1.9599999999999997%,0%,0.06986716143127181,3.1415814587556334°,0.004155995359999357 s,0 s,,0.0,0.0,0.0,False,False,False,$0,5
DeepSeek R1 Distill Llama 70B,23.775%,76.225%,12.5%,0.17339840812906235,3.0715190536009134°,3.7504457261500015 s,57.495396549999896 s,Dynamic,2.375,1.25,1.25,False,True,True,$0.018714553749999998,8
OpenAI GPT-4o,12.475%,87.525%,0%,0.35037470415138555,4.634935960571953°,0.00027633427500290965 s,50.85151617499969 s,Dynamic,4.75,2.0,2.25,False,True,True,$0.1116063125,4
DeepSeek V3,0.1%,99.9%,0%,0.3836203940280014,4.750237499713393°,0.00021600899998702516 s,169.17465989999891 s,Dynamic,4.5,1.5,2.0,False,True,True,$0.026784325,2