Name,Success Rate (%),Failure Rate (%),Error Rate (%),Average Failure Distance,Average Failure Angle (°),Average Elapsed Time (s),Generation Time (s),Mode,Feedbacks Given,Forwards Kinematics Calls,Testing Calls,Reasoning,Functions,API,Cost ($),Chains
IKPy,100%,0%,0%,0,0°,0.011739797425006603 s,0 s,,0.0,0.0,0.0,False,False,False,$0,4
DeepSeek V3,12.421428571428569%,87.57857142857144%,0%,nan,0°,0.00026237641428874023 s,151.18721079285686 s,Cumulative,5.428571428571429,0.14285714285714285,2.5714285714285716,False,False,True,$0.031222138571428575,14
Claude 3.7 Sonnet,7.472727272727272%,92.52727272727272%,0%,0.2544101255140323,0°,0.0005195353636643795 s,102.28836779090952 s,Cumulative,1.7272727272727273,4.090909090909091,2.8181818181818183,False,True,True,$0.17266147090909092,11
DeepSeek R1 Distill Llama 70B,2.828571428571429%,97.17142857142859%,14.285714285714286%,0.2566858491979946,0°,inf s,56.79140684285604 s,Cumulative,2.642857142857143,1.5,3.0,False,True,True,$0.02364229142857143,14
OpenAI GPT-4o,0.4699999999999999%,99.53%,0%,nan,0°,0.000314651509991927 s,83.91003035999947 s,Cumulative,3.0,2.2,3.0,False,True,True,$0.077082233,10