Name,Success Rate (%),Failure Rate (%),Error Rate (%),Average Failure Distance,Average Failure Angle (°),Average Elapsed Time (s),Generation Time (s),Mode,Feedbacks Given,Forwards Kinematics Calls,Testing Calls,Reasoning,Functions,API,Cost ($),Chains
IKPy,99.93333333333334%,0.06666666666666667%,0%,0.007430526074463667,0°,0.01612196726668662 s,0 s,,0.0,0.0,0.0,False,False,False,$0,3
DeepSeek R1,32.83333333333334%,67.16666666666667%,9.922222222222222%,0.15147620676498655,0°,0.0002828423555451486 s,1226.65686822222 s,Normal,5.777777777777778,0.1111111111111111,3.6666666666666665,True,False,True,$0.24051956666666666,9
DeepSeek V3,0.69%,99.30999999999999%,0%,0.36390667691305745,0°,0.00023124654000312148 s,267.17536237000047 s,Cumulative,7.1,0.2,5.1,False,False,True,$0.04218673199999999,10
Claude 3.7 Sonnet,0.4625%,99.5375%,0%,0.3798569483312489,0°,0.00023982428750514372 s,180.15382556250233 s,Dynamic,3.875,2.875,4.5,False,True,True,$0.31845832,8
DeepSeek R1 Distill Llama 70B,0.3142857142857142%,99.68571428571428%,42.857142857142854%,0.231798713724604,0°,inf s,49.160942000001214 s,Cumulative,4.714285714285714,1.0,4.857142857142857,False,True,True,$0.03159155142857143,7
OpenAI GPT-4o,0.21111111111111114%,99.78888888888889%,3.4222222222222225%,nan,0°,0.0003220761888937382 s,71.87466801111037 s,Cumulative,4.111111111111111,2.7777777777777777,5.333333333333333,False,True,True,$0.08805633333333333,9