Name,Success Rate (%),Failure Rate (%),Error Rate (%),Average Failure Distance,Average Failure Angle (째),Average Elapsed Time (s),Generation Time (s),Mode,Feedbacks Given,Forwards Kinematics Calls,Testing Calls,Reasoning,Functions,API,Cost ($),Chains
IKPy,100%,0%,0%,0,0째,0.011739797425006603 s,0 s,,0.0,0.0,0.0,False,False,False,$0,4
DeepSeek R1 Distill Llama 70B,0%,100%,0%,0.6740027787628929,0째,0.00000484705000417307005681176457212444574906839989125728607177734375 s,120.4942885000005 s,Dynamic,3.5,3.0,1.5,False,True,True,$0.031417310000000004,2
DeepSeek V3,0%,100%,0%,0.7909897647327849,0째,0.0000063351000032222756666415441895168214614386670291423797607421875 s,212.30237563333444 s,Cumulative,5.0,1.0,1.0,False,True,True,$0.019536713333333334,3