Name,Success Rate (%),Failure Rate (%),Error Rate (%),Average Failure Distance,Average Failure Angle (°),Average Elapsed Time (s),Generation Time (s),Mode,Feedbacks Given,Forwards Kinematics Calls,Testing Calls,Reasoning,Functions,API,Cost ($),Chains
Claude 3.7 Sonnet,100%,0%,0%,0,0°,0.00001733586665795883025573999314250528414049767889082431793212890625 s,30.610665966668723 s,Normal,0.0,3.3333333333333335,0.0,False,True,True,$0.044411,3
IKPy,99.97999999999999%,0.02%,0%,0.027436694218222802,0°,0.007916229540002682 s,0 s,,0.0,0.0,0.0,False,False,False,$0,5
DeepSeek R1 Distill Llama 70B,40.760000000000005%,59.239999999999995%,0%,0.3155700147833117,0°,0.0000047414000004209813429333249257258131592607242055237293243408203125 s,95.91501828000037 s,Normal,2.6,1.0,0.0,False,True,True,$0.020554134,5
OpenAI GPT-4o,1.7333333333333332%,98.26666666666665%,0%,0.3571528066294352,0°,0.000003298566680920581985843494099430728283550706692039966583251953125 s,65.17524923333319 s,Normal,2.3333333333333335,2.0,0.0,False,True,True,$0.05910416666666668,3
DeepSeek V3,1.5333333333333334%,98.46666666666665%,27.933333333333334%,0.2915360155302695,0°,0.00001588833332849996519335437905606767117205890826880931854248046875 s,248.34072573333347 s,Normal,4.666666666666667,0.3333333333333333,0.0,False,True,True,$0.016577333333333333,3