Name,Success Rate (%),Failure Rate (%),Error Rate (%),Average Failure Distance,Average Failure Angle (째),Average Elapsed Time (s),Generation Time (s),Mode,Feedbacks Given,Forwards Kinematics Calls,Testing Calls,Reasoning,Functions,API,Cost ($),Chains
IKPy,100%,0%,0%,0,0째,0.011739797425006603 s,0 s,,0.0,0.0,0.0,False,False,False,$0,4
DeepSeek R1 Distill Llama 70B,0%,100%,0%,0.6740027787628929,0째,0.00000484705000417307005681176457212444574906839989125728607177734375 s,120.4942885000005 s,Dynamic,3.5,3.0,1.5,False,True,True,$0.031417310000000004,2
DeepSeek V3,0%,100%,20.966666666666665%,0.6463906933433899,0째,0.00000617630001155096845289783902277491733912029303610324859619140625 s,236.54941076666668 s,Cumulative,5.666666666666667,1.3333333333333333,1.6666666666666667,False,True,True,$0.027984256666666665,3