Name,Success Rate (%),Failure Rate (%),Error Rate (%),Average Failure Distance,Average Failure Angle (째),Average Elapsed Time (s),Generation Time (s),Mode,Feedbacks Given,Forwards Kinematics Calls,Testing Calls,Reasoning,Functions,API,Cost ($),Chains
IKPy,99.93333333333334%,0.06666666666666667%,0%,0.007430526074463667,0째,0.01612196726668662 s,0 s,,0.0,0.0,0.0,False,False,False,$0,3
DeepSeek V3,0.69%,99.30999999999999%,0%,0.36390667691305745,0째,0.00023124654000312148 s,267.17536237000047 s,Cumulative,7.1,0.2,5.1,False,False,True,$0.04218673199999999,10
DeepSeek R1 Distill Llama 70B,0.3142857142857142%,99.68571428571428%,42.857142857142854%,0.231798713724604,0째,inf s,49.160942000001214 s,Cumulative,4.714285714285714,1.0,4.857142857142857,False,True,True,$0.03159155142857143,7