Name,Success Rate (%),Failure Rate (%),Error Rate (%),Average Failure Distance,Average Failure Angle (°),Average Elapsed Time (s),Generation Time (s),Mode,Feedbacks Given,Forwards Kinematics Calls,Testing Calls,Reasoning,Functions,API,Cost ($),Chains
IKPy,99.97999999999999%,0.02%,0%,0.027436694218222802,0°,0.007916229540002682 s,0 s,,0.0,0.0,0.0,False,False,False,$0,5
Claude 3.7 Sonnet,50.6%,49.4%,0%,0.33150616271002276,0°,0.00024189895006384177 s,68.32758269999977 s,Extend,2.0,2.5,0.5,False,True,True,$0.10458584000000001,2
DeepSeek R1 Distill Llama 70B,29.66363636363637%,70.33636363636363%,2.1636363636363636%,0.2605540908637502,0°,0.0003856173090487325 s,86.07915404545548 s,Normal,2.727272727272727,0.7272727272727273,0.7272727272727273,False,True,True,$0.021190610909090902,11
OpenAI GPT-4o,16.883333333333333%,83.11666666666666%,0%,0.31760020432217717,0°,0.00021038111666894107 s,54.26885336666692 s,Dynamic,4.0,1.3333333333333333,1.0,False,True,True,$0.08903022999999999,6
DeepSeek V3,0.5166666666666666%,99.48333333333333%,16.666666666666668%,0.3691334854871287,0°,0.00018447248333268364 s,199.09099848333275 s,Dynamic,4.833333333333333,0.8333333333333334,1.0,False,True,True,$0.023242829999999996,6