Name,Success Rate (%),Failure Rate (%),Error Rate (%),Average Failure Distance,Average Failure Angle (°),Average Elapsed Time (s),Generation Time (s),Mode,Feedbacks Given,Forwards Kinematics Calls,Testing Calls,Reasoning,Functions,API,Cost ($),Chains
IKPy,82.26666666666667%,17.73333333333333%,0%,0.07502723689502735,2.2541088086063152°,0.007977367833336753 s,0 s,,0.0,0.0,0.0,False,False,False,$0,3
DeepSeek R1,15.200000000000003%,84.8%,8.333333333333334%,0.24709981134719247,2.2422167000418467°,0.0014501494583261472 s,1469.477886808333 s,Cumulative,8.333333333333334,1.5,4.333333333333333,True,False,True,$0.3618537583333333,12
Claude 3.7 Sonnet,0%,100%,0%,nan,nan°,0.0007115034166599799 s,219.3570016999935 s,Dynamic,4.666666666666667,4.0,3.5,False,True,True,$0.5059976116666666,6
DeepSeek V3,0%,100%,0%,nan,nan°,0.00132350485555273 s,147.9585409333333 s,Cumulative,5.444444444444445,0.0,2.6666666666666665,False,False,True,$0.03562875333333333,9
OpenAI GPT-4o,0%,100%,6.65%,nan,nan°,0.0002998750500059941 s,76.86478837499862 s,Cumulative,2.75,3.125,2.75,False,True,True,$0.10228901750000001,8
DeepSeek R1 Distill Llama 70B,0%,100%,33.333333333333336%,0.46497759870940036,2.7871215662301116°,inf s,47.547217411111056 s,Cumulative,3.7777777777777777,1.0,2.6666666666666665,False,True,True,$0.020576949999999997,9