Name,Success Rate (%),Failure Rate (%),Error Rate (%),Average Failure Distance,Average Failure Angle (°),Average Elapsed Time (s),Generation Time (s),Mode,Feedbacks Given,Forwards Kinematics Calls,Testing Calls,Reasoning,Functions,API,Cost ($),Chains
IKPy,39.2000000000000028421709430404007434844970703125%,1.399999999999999911182158029987476766109466552734375%,0%,0.032919983790474970086759043397250934503972530364990234375,2.42429321716139956066626837127842009067535400390625°,0.003419788800010785910499233608561553410254418849945068359375 s,0 s,,0.0,0.0,0.0,False,False,False,$0,5