Name,Success Rate (%),Failure Rate (%),Error Rate (%),Average Failure Distance,Average Failure Angle (°),Average Elapsed Time (s),Generation Time (s),Mode,Feedbacks Given,Forwards Kinematics Calls,Testing Calls,Reasoning,Functions,API,Cost ($),Chains
Claude 3.7 Sonnet,100%,0%,0%,0,0°,0.000040181466671735204779399019958674443842028267681598663330078125 s,47.127505966666526 s,Normal,0.3333333333333333,3.3333333333333335,0.0,False,True,True,$0.068961,3
IKPy,99.97999999999999%,0.02%,0%,0.027436694218222802,0°,0.007916229540002682 s,0 s,,0.0,0.0,0.0,False,False,False,$0,5
OpenAI GPT-4o,25.125%,74.875%,0%,0.31501721337260435,0°,0.0000038530499764419803303727891929941762327871401794254779815673828125 s,66.51285167500009 s,Normal,2.5,1.75,0.0,False,True,True,$0.06637625000000001,4
DeepSeek R1 Distill Llama 70B,22.06%,77.94%,20%,0.2395579208384373,0°,0.000005450159998781600373721732688547803036271943710744380950927734375 s,80.44030177999988 s,Normal,2.6,0.8,0.0,False,True,True,$0.01757085,5
DeepSeek V3,0.25%,99.75%,10.35%,nan,0°,0.00001198824999573844336179899439098761604327592067420482635498046875 s,224.01134464999996 s,Normal,4.25,0.25,0.0,False,True,True,$0.01394685,4