DOF,JointsSuccess Rate (%),Failure Rate (%),Error Rate (%),Average Failure Distance,Average Failure Angle (°),Average Elapsed Time (s),Generation Time (s),Mode,Feedbacks Given,Forwards Kinematics Calls,Testing Calls,Reasoning,Functions,API,Cost ($)
6,1 to 6,IKPy
6,1 to 6,91.9%,8.1%,0%,0.07581211934731563,0.00697443811149594°,0.013129458700019305 s,0 s,,0,0,0,False,False,False,$0
5,1 to 5,IKPy
5,1 to 5,53.1%,46.9%,0%,0.17642538111223005,0.21054014933234522°,0.010251207799994522 s,0 s,,0,0,0,False,False,False,$0
5,2 to 6,IKPy
5,2 to 6,93.4%,6.6000000000000005%,0%,0.09819620312372698,0.009387045253821169°,0.00920323090004422 s,0 s,,0,0,0,False,False,False,$0
4,1 to 4,IKPy
4,1 to 4,89%,11%,0%,0.014122268977790056,5.886363936382443°,0.008732126500000959 s,0 s,,0,0,0,False,False,False,$0
4,2 to 5,IKPy
4,2 to 5,99.6%,0.4%,0%,0.09351768306402826,0.851461384970621°,0.007599627800042062 s,0 s,,0,0,0,False,False,False,$0
4,3 to 6,IKPy
4,3 to 6,58.4%,41.6%,0%,0.1179757212025567,0.024476558533652628°,0.0076003491999672365 s,0 s,,0,0,0,False,False,False,$0
3,1 to 3,IKPy
3,1 to 3,87.7%,12.3%,0%,0.028365675270229908,5.057578767401472°,0.007872553599987432 s,0 s,,0,0,0,False,False,False,$0
3,2 to 4,IKPy
3,2 to 4,100%,0%,0%,0,0°,0.006448368300018053 s,0 s,,0,0,0,False,False,False,$0
3,3 to 5,IKPy
3,3 to 5,100%,0%,0%,0,0°,0.00603211090000696 s,0 s,,0,0,0,False,False,False,$0
3,4 to 6,IKPy
3,4 to 6,55.7%,44.3%,0%,0.18850942142949342,0.04030914547118919°,0.004945336599999799 s,0 s,,0,0,0,False,False,False,$0
2,1 to 2,IKPy
2,1 to 2,90.9%,9.1%,0%,0.001022265118664022,6.269016581922616°,0.004739963000020014 s,0 s,,0,0,0,False,False,False,$0
2,2 to 3,IKPy
2,2 to 3,100%,0%,0%,0,0°,0.003996411299989627 s,0 s,,0,0,0,False,False,False,$0
2,3 to 4,IKPy
2,3 to 4,100%,0%,0%,0,0°,0.0034576904999921647 s,0 s,,0,0,0,False,False,False,$0
2,4 to 5,IKPy
2,4 to 5,99.8%,0.2%,0%,0.18708575676058103,3.4702358821166577°,0.004381045699992662 s,0 s,,0,0,0,False,False,False,$0
2,5 to 6,IKPy
2,5 to 6,99.5%,0.5%,0%,0.161227785277114,5.9686548297388935°,0.004204866300002316 s,0 s,,0,0,0,False,False,False,$0