Success Rate (%),Failure Rate (%),Error Rate (%),Average Failure Distance,Average Failure Angle (°),Average Elapsed Time (s),Generation Time (s),Mode,Feedbacks Given,Forwards Kinematics Calls,Testing Calls,Reasoning,Functions,API,Cost ($)
14.099999999999998%,85.9%,0%,2.4004752040280581698750426721920998471173678916711080599810657076886855065822601318359375E-16,5.2406700980215435°,0.0003449132000023383 s,40.42514479999954 s,Transfer,3,2,2,False,True,True,$0.07729064000000001