Success Rate (%),Failure Rate (%),Error Rate (%),Average Failure Distance,Average Failure Angle (°),Average Elapsed Time (s),Generation Time (s),Mode,Feedbacks Given,Forwards Kinematics Calls,Testing Calls,Reasoning,Functions,API,Cost ($)
0%,100%,0%,2.368969146404819939778257568114929706830441348032467718809357393183745443820953369140625E-16,1.9614133478744167°,0.0000021175999481783945417525012733239719864286598749458789825439453125 s,30.31357130000106 s,Transfer,2,3,1,False,True,True,$0.075545