Success Rate (%),Failure Rate (%),Error Rate (%),Average Failure Distance,Average Failure Angle (°),Average Elapsed Time (s),Generation Time (s),Mode,Feedbacks Given,Forwards Kinematics Calls,Testing Calls,Reasoning,Functions,API,Cost ($)
73.3%,26.700000000000003%,0%,1.91110458519377159749194317905823851096857937128213611455151976770139299333095550537109375E-16,3.4104492422405244°,0.0002196831999999631 s,189.3837846000024 s,Extend,3,3,2,False,True,True,$0.3046398800000001