Success Rate (%),Failure Rate (%),Error Rate (%),Average Failure Distance,Average Failure Angle (°),Average Elapsed Time (s),Generation Time (s),Mode,Feedbacks Given,Forwards Kinematics Calls,Testing Calls,Reasoning,Functions,API,Cost ($)
49.5%,50.5%,0%,2.534548770772242131216950768879862160401459660573342258516049696481786668300628662109375E-16,1.62364143744672°,0.00000376539997887448412791796224785567659409935004077851772308349609375 s,234.2749557999996 s,Normal,3,2,0,False,True,True,$0.425058