Success Rate (%),Failure Rate (%),Error Rate (%),Average Failure Distance,Average Failure Angle (°),Average Elapsed Time (s),Generation Time (s),Mode,Feedbacks Given,Forwards Kinematics Calls,Testing Calls,Reasoning,Functions,API,Cost ($)
0.2%,99.8%,0%,2.4393349110134903720389335359319884026765555573058874561098718913854099810123443603515625E-16,4.724958657418951°,0.000004034299981867661902940579154996925126397400163114070892333984375 s,85.82006219999857 s,Normal,2,3,0,False,True,True,$0.129996