Success Rate (%),Failure Rate (%),Error Rate (%),Average Failure Distance,Average Failure Angle (°),Average Elapsed Time (s),Generation Time (s),Mode,Feedbacks Given,Forwards Kinematics Calls,Testing Calls,Reasoning,Functions,API,Cost ($)
94%,6%,0%,7.55728464174371666110094094179444428049929882718060980550944805145263671875E-11,6.28318530736129776670395585824735462665557861328125°,0.003095303000009100129197303630235182936303317546844482421875 s,0 s,,0,0,0,False,False,False,$0