Success Rate (%),Failure Rate (%),Error Rate (%),Average Failure Distance,Average Failure Angle (°),Average Elapsed Time (s),Generation Time (s),Mode,Feedbacks Given,Forwards Kinematics Calls,Testing Calls,Reasoning,Functions,API,Cost ($)
87%,13%,0%,0.0037684755140625519377606256199442213983274996280670166015625,6.57778435072368861114000537781976163387298583984375°,0.007766986999913583385179993712199575384147465229034423828125 s,0 s,,0,0,0,False,False,False,$0