Success Rate (%),Failure Rate (%),Error Rate (%),Average Failure Distance,Average Failure Angle (°),Average Elapsed Time (s),Generation Time (s),Mode,Feedbacks Given,Forwards Kinematics Calls,Testing Calls,Reasoning,Functions,API,Cost ($)
94%,6%,0%,2.603535871479723435366957680629947102790566759722423739731311798095703125E-9,6.28318530718476164764751956681720912456512451171875°,0.00658758099997609931908204572437171009369194507598876953125 s,0 s,,0,0,0,False,False,False,$0