Success Rate (%),Failure Rate (%),Error Rate (%),Average Failure Distance,Average Failure Angle (°),Average Elapsed Time (s),Generation Time (s),Mode,Feedbacks Given,Forwards Kinematics Calls,Testing Calls,Reasoning,Functions,API,Cost ($)
5%,5%,0%,0.16784854459995901532209927609073929488658905029296875,0.30071885544696763670202699358924292027950286865234375°,0.01102570600000943833174371633276678039692342281341552734375 s,0 s,,0,0,0,False,False,False,$0