Success Rate (%),Average Failure Distance,Average Failure Angle (°),Elapsed Time (s)
0%,0.18123718640465603,0.022935992912381003°,0.008596199997555001 s