Success Rate (%),Failure Rate (%),Error Rate (%),Average Failure Distance,Average Failure Angle (°),Average Elapsed Time (s),Generation Time (s),Mode,Feedbacks Given,Forwards Kinematics Calls,Testing Calls,Reasoning,Functions,API,Cost ($)
62%,38%,0%,0.1885930349206547396168076602407381869852542877197265625,0.0139989736021937129228920326795559958554804325103759765625°,0.004570911999999261766947089569157469668425619602203369140625 s,0 s,,0,0,0,False,False,False,$0