Success Rate (%),Failure Rate (%),Error Rate (%),Average Failure Distance,Average Failure Angle (°),Average Elapsed Time (s),Generation Time (s),Mode,Feedbacks Given,Forwards Kinematics Calls,Testing Calls,Reasoning,Functions,API,Cost ($)
89.7%,10.299999999999999%,0%,4.100676554241913185142502954645984818082693891365397842463380584376864135265350341796875E-16,6.283185307179576°,0.0002791720999994141 s,1077.454663900001 s,Extend,5,0,1,True,True,True,$1.2095931899999999