Success Rate (%),Failure Rate (%),Error Rate (%),Average Failure Distance,Average Failure Angle (°),Average Elapsed Time (s),Generation Time (s),Mode,Feedbacks Given,Forwards Kinematics Calls,Testing Calls,Reasoning,Functions,API,Cost ($)
93.4%,6.6000000000000005%,0%,1.19839563064778921136549051865272798536400981027350010066356844617985188961029052734375E-15,6.283185307179579°,0.000559747800049081 s,684.3194257000032 s,Normal,5,0,0,True,True,True,$0.9292287500000002