Success Rate (%),Failure Rate (%),Error Rate (%),Average Failure Distance,Average Failure Angle (°),Average Elapsed Time (s),Generation Time (s),Mode,Feedbacks Given,Forwards Kinematics Calls,Testing Calls,Reasoning,Functions,API,Cost ($)
86.9%,13.100000000000001%,0%,3.211441363057875261343736501101236703506803279832559905315747528220526874065399169921875E-16,6.283185307179574°,0.00035165040000174484 s,1163.1835426999978 s,Transfer,5,0,1,True,True,True,$1.5040310000000001