Method,Success Rate(%),Average Time (s)
Deepmind IK,98%,0.003478092908859253
GPT-3.5,0.1%,6.593656539916992e-05
GPT-4,100%,4.000663757324219e-06
GPT-4o,0%,7.449746131896972e-05
Gemini 1.0 Pro,0%,6.0009956359863285e-06
Llama 3 70B,0%,5.998373031616211e-06