Method,Success Rate(%),Average Time (s)
Deepmind IK,98.9%,0.00358116340637207
Claude 3 Haiku,0.1%,8.58473777770996e-06
GPT-3.5,0%,7.786297798156739e-05
GPT-4,100%,1.9772052764892576e-06
GPT-4o,0.1%,0.0001080336570739746
Gemini 1.0 Pro,0%,8.048295974731445e-06
Llama 3 70B,0%,0.00025562453269958494
Mixtral 8x7B,0%,3.9973258972167965e-06