Method,Success Rate(%),Position Error (m),Average Time (s)
GPT-4,100%,0,0
DeepMind IK,99.1%,0.00719954,0.00406901
GPT-4o,0.1%,0.50839201,0.0001351
Claude 3 Haiku,0.1%,0.51385095,0.00000769
GPT-4o mini,0%,0.55521314,0.00043058
Llama 3.1 405B,0%,0.65834391,0.00000204
Mixtral 8x7B,0%,0.71991099,0.00000901
Gemini 1.0 Pro,0%,0.72135494,0.00000597