Method,Success Rate(%),Average Time (s),Position Error (m)
Deepmind IK,98.5%,0.00335471510887146,0.01199872071189468
Claude 3 Haiku,0.2%,5.013227462768555e-06,0.5258146414973871
GPT-3.5,0%,7.051920890808105e-05,0.7203655418355966
GPT-4,100%,5.002498626708984e-06,0
GPT-4o,0%,0.0001260979175567627,0.5094722498292489
Gemini 1.0 Pro,0%,3.984689712524414e-06,0.725305598562171
Llama 3 70B,0%,0.0002536616325378418,0.6870348683753494
Mixtral 8x7B,0%,4.9786567687988285e-06,0.7203655418355966