Method,Success Rate(%),Position Error (m),Average Time (s)
o1-preview,100%,0,0.000003
GPT-4,100%,0,0.00000301
o1-mini,100%,0,0.00000551
DeepMind IK,98.6%,0.01119883,0.00365469
Claude 3 Haiku,0%,0.50479372,0.00001304
GPT-4o,0%,0.51735247,0.00011161
GPT-4o mini,0%,0.54231287,0.00040313
Llama 3.1 405B,0%,0.65361149,0.00000201
Gemini 1.0 Pro,0%,0.72013379,0.00001003
Mixtral 8x7B,0%,0.72254621,0.00000404