Method,Success Rate(%),Position Error (m),Average Time (s)
GPT-4,100%,0,0.000002
Deepmind IK,98.6%,0.011199,0.003458
Claude 3 Haiku,0%,0.504811,0.000013
GPT-4o,0%,0.510143,0.000111
Llama 3 70B,0%,0.672143,0.000242
Mixtral 8x7B,0%,0.720476,0.000007
GPT-3.5,0%,0.720476,0.000068
Gemini 1.0 Pro,0%,0.721952,0.00001