Method,Success Rate(%),Average Time (s)
Deepmind IK,98.7%,0.0036173472404479982
GPT35,0%,8.420634269714356e-05
GPT4,100%,4.503965377807617e-06
GPT4o,0%,6.616520881652832e-05