Method,Success Rate(%),Position Error (m),Average Time (s)
GPT-4,100%,0,0.00000201
Deepmind IK,98.7%,0.01039862,0.00337844
Claude 3 Haiku,0.2%,0.5131812,0.00001101
GPT-4o,0.2%,0.51932526,0.00012465
Llama 3 70B,0.1%,0.66968289,0.00025669
Gemini 1.0 Pro,0%,0.71859526,0.00001001
Mixtral 8x7B,0%,0.72321849,0.000002
GPT-3.5,0%,0.72321849,0.00007389