Method,Success Rate(%),Position Error (m),Average Time (s)
GPT-4,100%,0,0.000005
Deepmind IK,98.2%,0.014398,0.003679
Claude 3 Haiku,0.2%,0.52271,0.000009
GPT-4o,0%,0.508726,0.00014
Llama 3 70B,0%,0.668858,0.000282
Mixtral 8x7B,0%,0.719955,0.000004
GPT-3.5,0%,0.719955,0.00008
Gemini 1.0 Pro,0%,0.720872,0.000007