Name,Success Rate (%),Failure Rate (%),Error Rate (%),Average Failure Distance,Average Failure Angle (°),Average Elapsed Time (s),Generation Time (s),Mode,Feedbacks Given,Forwards Kinematics Calls,Testing Calls,Reasoning,Functions,API,Cost ($),Chains
IKPy,100%,0%,0%,0,0°,0.0175395303500054 s,0 s,,0.0,0.0,0.0,False,False,False,$0,2
DeepSeek R1,0.2285714285714286%,99.77142857142857%,14.285714285714286%,0.35436476606068623,0°,0.0005577442999826547 s,1500.6883284285727 s,Cumulative,7.571428571428571,0.14285714285714285,6.428571428571429,True,False,True,$0.29429976714285716,7
DeepSeek R1 Distill Llama 70B,0.03333333333333333%,99.96666666666665%,66.66666666666667%,0.09299070438181689,0°,inf s,33.9486924666647 s,Normal,4.0,3.0,5.0,False,True,True,$0.03165306,3
Claude 3.7 Sonnet,0.02%,99.97999999999999%,0%,nan,0°,0.000545270499975595 s,220.6873119799995 s,Cumulative,5.6,3.2,8.0,False,True,True,$0.3892248380000001,5
OpenAI GPT-4o,0.016666666666666666%,99.98333333333333%,0%,0.5296090302781282,0°,0.0005331716166653374 s,63.58828289999959 s,Cumulative,5.833333333333333,2.0,6.666666666666667,False,True,True,$0.12267128166666667,6
DeepSeek V3,0%,100%,0%,0.6690681389720506,0°,0.00024010325000797174 s,297.24605178333275 s,Cumulative,7.666666666666667,0.3333333333333333,6.666666666666667,False,False,True,$0.048400581666666664,6