Name,Success Rate (%),Failure Rate (%),Error Rate (%),Average Failure Distance,Average Failure Angle (°),Average Elapsed Time (s),Generation Time (s),Mode,Feedbacks Given,Forwards Kinematics Calls,Testing Calls,Reasoning,Functions,API,Cost ($),Chains
IKPy,98.03999999999999%,1.9599999999999997%,0%,0.06986716143127181,3.1415814587556334°,0.004155995359999357 s,0 s,,0.0,0.0,0.0,False,False,False,$0,5
Claude 3.7 Sonnet,32.98%,67.02%,0%,0.35027875744845877,3.3199541201361447°,0.00024324913999951148 s,107.5197996800002 s,Dynamic,2.9,2.9,1.6,False,True,True,$0.19476337900000001,10
DeepSeek R1 Distill Llama 70B,23.775%,76.225%,12.5%,0.17339840812906235,3.0715190536009134°,3.7504457261500015 s,57.495396549999896 s,Dynamic,2.375,1.25,1.25,False,True,True,$0.018714553749999998,8
OpenAI GPT-4o,0.9888888888888887%,99.0111111111111%,0%,0.20456405720098927,3.973789816927381°,0.00021529445555137902 s,58.78182883333243 s,Dynamic,3.2222222222222223,1.8888888888888888,1.6666666666666667,False,True,True,$0.11034104222222224,9
DeepSeek V3,0.03333333333333333%,99.96666666666665%,0%,0.2524321819368045,4.8858631070154575°,0.0002293470833337778 s,199.40932051666582 s,Dynamic,4.666666666666667,1.0,1.5,False,True,True,$0.028944871666666667,6