Name,Success Rate (%),Failure Rate (%),Error Rate (%),Average Failure Distance,Average Failure Angle (°),Average Elapsed Time (s),Generation Time (s),Mode,Feedbacks Given,Forwards Kinematics Calls,Testing Calls,Reasoning,Functions,API,Cost ($),Chains
DeepSeek R1,100%,0%,0%,0,0°,0.00001660446664754999695806821080612536434273351915180683135986328125 s,553.0499143666663 s,Normal,0.6666666666666666,0.0,0.0,True,False,True,$0.06331573333333335,3
IKPy,100%,0%,0%,0,0°,0.011739797425006603 s,0 s,,0.0,0.0,0.0,False,False,False,$0,4
Claude 3.7 Sonnet,12.933333333333334%,87.06666666666666%,0%,0.42880339588305105,0°,0.0000311734888863510539789951347966479033857467584311962127685546875 s,97.42712084444389 s,Cumulative,1.3333333333333333,5.0,1.1111111111111112,False,True,True,$0.18646408,9
DeepSeek V3,3.675%,96.325%,0%,0.5057667652050043,0°,0.0000064127999908123452544868141333989086660949396900832653045654296875 s,216.43009034999977 s,Cumulative,4.25,1.0,1.75,False,True,True,$0.0229457625,4
OpenAI GPT-4o,0%,100%,0%,0.606159607947967,0°,0.0000057117000096695848572058047676325287511645001359283924102783203125 s,111.44547504999764 s,Cumulative,4.0,1.75,1.75,False,True,True,$0.1076013625,4
DeepSeek R1 Distill Llama 70B,0%,100%,56.550000000000004%,0.24342529417439246,0°,0.00001035350000029211631181157160508377046426176093518733978271484375 s,62.28136945000051 s,Cumulative,3.0,1.5,1.75,False,True,True,$0.022222255,4