Name,Success Rate (%),Failure Rate (%),Error Rate (%),Average Failure Distance,Average Failure Angle (°),Average Elapsed Time (s),Generation Time (s),Mode,Feedbacks Given,Forwards Kinematics Calls,Testing Calls,Reasoning,Functions,API,Cost ($),Chains
IKPy,98.03999999999999%,1.9599999999999997%,0%,0.06986716143127181,3.1415814587556334°,0.004155995359999357 s,0 s,,0.0,0.0,0.0,False,False,False,$0,5
OpenAI GPT-4o,13.276470588235293%,86.72352941176472%,4.088235294117647%,0.1817914290885221,3.829554327580173°,0.0004298343352904126 s,61.76047030588244 s,Dynamic,2.2941176470588234,2.1176470588235294,1.2352941176470589,False,True,True,$0.07153414941176471,17
DeepSeek R1 Distill Llama 70B,7.694444444444445%,92.30555555555556%,16.666666666666668%,0.2848216717274586,3.049436594210299°,inf s,63.79769869444499 s,Dynamic,2.4444444444444446,0.7222222222222222,1.2222222222222223,False,True,True,$0.01875036666666667,18
DeepSeek V3,5.7%,94.3%,0%,0.21044736796811936,4.038142886089383°,0.00023584553499948134 s,144.865965145 s,Dynamic,5.35,0.05,1.25,False,False,True,$0.028954294,20