Name,Success Rate (%),Failure Rate (%),Error Rate (%),Average Failure Distance,Average Failure Angle (°),Average Elapsed Time (s),Generation Time (s),Mode,Feedbacks Given,Forwards Kinematics Calls,Testing Calls,Reasoning,Functions,API,Cost ($),Chains
IKPy,100%,0%,0%,0,0°,0.011739797425006603 s,0 s,,0.0,0.0,0.0,False,False,False,$0,4
DeepSeek R1 Distill Llama 70B,2.15%,97.85000000000001%,16.666666666666668%,0.32090581795029205,0°,0.0000065234499937408451511531952415889890062317135743796825408935546875 s,67.50123828333442 s,Cumulative,4.666666666666667,1.1666666666666667,1.8333333333333333,False,True,True,$0.027937141666666665,6