Name,Success Rate (%),Failure Rate (%),Error Rate (%),Average Failure Distance,Average Failure Angle (°),Average Elapsed Time (s),Generation Time (s),Mode,Feedbacks Given,Forwards Kinematics Calls,Testing Calls,Reasoning,Functions,API,Cost ($),Chains
IKPy,85.85%,14.149999999999999%,0%,0.05421877417493083,1.2744719782181653°,0.006324592350003061 s,0 s,,0.0,0.0,0.0,False,False,False,$0,4
Claude 3.7 Sonnet,0.3333333333333333%,99.66666666666667%,0%,0.2394041618947509,3.0144976045689327°,0.00009925643334584796119435257111263126716949045658111572265625 s,137.3110148333332 s,Cumulative,2.0,6.0,2.3333333333333335,False,True,True,$0.3221218066666667,3