Name,Success Rate (%),Failure Rate (%),Error Rate (%),Average Failure Distance,Average Failure Angle (°),Average Elapsed Time (s),Generation Time (s),Mode,Feedbacks Given,Forwards Kinematics Calls,Testing Calls,Reasoning,Functions,API,Cost ($),Chains
IKPy,99.93333333333334%,0.06666666666666667%,0%,0.007430526074463667,0°,0.01612196726668662 s,0 s,,0.0,0.0,0.0,False,False,False,$0,3
DeepSeek R1,50%,50%,0%,0.42528842435355985,0°,0.00025355065002531776 s,1645.4235519999993 s,Extend,4.0,0.5,0.5,True,False,True,$0.1962028,2
DeepSeek V3,0.44999999999999996%,99.55%,0%,0.13872600460302123,0°,0.00021613964998232405 s,235.56246264999663 s,Cumulative,6.5,6.0,7.5,False,True,True,$0.082369455,2
DeepSeek R1 Distill Llama 70B,0.15000000000000002%,99.85%,0%,0.28220836353924916,0°,0.0002296491500078446 s,40.50259310000001 s,Cumulative,2.5,6.5,7.5,False,True,True,$0.064930955,2
OpenAI GPT-4o,0.1%,99.9%,50%,0.06741553012733228,0°,0.0002444030499909786 s,47.35283739999886 s,Cumulative,4.5,9.5,9.0,False,True,True,$0.168469405,2
Claude 3.7 Sonnet,0.05%,99.95%,0%,0.22410966409241978,0°,0.0002332546000017146 s,135.49493655000003 s,Cumulative,4.0,10.0,9.0,False,True,True,$0.328305405,2