Name,Success Rate (%),Failure Rate (%),Error Rate (%),Average Failure Distance,Average Failure Angle (°),Average Elapsed Time (s),Generation Time (s),Mode,Feedbacks Given,Forwards Kinematics Calls,Testing Calls,Reasoning,Functions,API,Cost ($),Chains
IKPy,85.85%,14.149999999999999%,0%,0.05421877417493083,1.2744719782181653°,0.006324592350003061 s,0 s,,0.0,0.0,0.0,False,False,False,$0,4
OpenAI GPT-4o,3.8923076923076922%,96.10769230769232%,1.0230769230769232%,0.31052143198620946,4.639739209458434°,0.000529609946166182 s,54.38266915384646 s,Cumulative,2.5384615384615383,3.230769230769231,2.230769230769231,False,True,True,$0.09208563692307693,13
DeepSeek V3,0.023076923076923075%,99.97692307692309%,7.6923076923076925%,0.3116085903687264,3.710451202709626°,0.0002504906307679519 s,147.6062685923079 s,Cumulative,5.461538461538462,0.0,2.076923076923077,False,False,True,$0.02994018153846154,13
DeepSeek R1 Distill Llama 70B,0.01%,99.99%,30%,0.4098632200103647,3.236587379507695°,0.006106808169992655 s,49.29816369000182 s,Cumulative,3.4,1.4,2.1,False,True,True,$0.018788791999999995,10