Name,Success Rate (%),Failure Rate (%),Error Rate (%),Average Failure Distance,Average Failure Angle (°),Average Elapsed Time (s),Generation Time (s),Mode,Feedbacks Given,Forwards Kinematics Calls,Testing Calls,Reasoning,Functions,API,Cost ($),Chains
IKPy,99.97999999999999%,0.02%,0%,0.027436694218222802,0°,0.007916229540002682 s,0 s,,0.0,0.0,0.0,False,False,False,$0,5
DeepSeek R1 Distill Llama 70B,29.66363636363637%,70.33636363636363%,2.1636363636363636%,0.2605540908637502,0°,0.0003856173090487325 s,86.07915404545548 s,Normal,2.727272727272727,0.7272727272727273,0.7272727272727273,False,True,True,$0.021190610909090902,11
OpenAI GPT-4o,25.025%,74.975%,0%,0.2628840265300202,0°,0.0002535302750007986 s,63.80913207499975 s,Dynamic,3.75,1.25,1.0,False,True,True,$0.09115698750000001,4
DeepSeek V3,0.3%,99.7%,0%,0.39168050273423727,0°,0.00021749855000734896 s,178.87907269999982 s,Dynamic,5.0,0.5,1.0,False,True,True,$0.0233267375,4