Name,Success Rate (%),Failure Rate (%),Error Rate (%),Average Failure Distance,Average Failure Angle (°),Average Elapsed Time (s),Generation Time (s),Mode,Feedbacks Given,Forwards Kinematics Calls,Testing Calls,Reasoning,Functions,API,Cost ($),Chains
IKPy,85.85%,14.149999999999999%,0%,0.05421877417493083,1.2744719782181653°,0.006324592350003061 s,0 s,,0.0,0.0,0.0,False,False,False,$0,4
DeepSeek V3,51.7%,48.3%,0%,2.650411793057836167750487444963140414165946707157617279193573267548345029354095458984375E-16,1.6916870300901627°,0.0010209226999813837 s,296.83417790000203 s,Transfer,6.0,5.0,3.0,False,True,True,$0.06383029,1
Claude 3.7 Sonnet,25.175%,74.825%,0%,0.03813302148879623,2.456888305750458°,0.0003563778499973296 s,152.40158664999979 s,Cumulative,4.0,7.25,4.75,False,True,True,$0.3840127775,4
OpenAI GPT-4o,0.1%,99.9%,0%,2.6205800665139616979989027296218938197233398116996194726624480608734302222728729248046875E-16,2.8221074501462606°,0.00022224470003857279 s,23.420385700002953 s,Transfer,1.0,8.0,3.0,False,True,True,$0.06357819,1
DeepSeek R1 Distill Llama 70B,0.1%,99.9%,0%,2.620642176657435143788403544042449951882942375987195493536319190752692520618438720703125E-16,2.9552995835393197°,0.0002991328000007343 s,87.80146669999885 s,Transfer,4.0,7.0,3.0,False,True,True,$0.05308238999999999,1