Name,Success Rate (%),Failure Rate (%),Error Rate (%),Average Failure Distance,Average Failure Angle (°),Average Elapsed Time (s),Generation Time (s),Mode,Feedbacks Given,Forwards Kinematics Calls,Testing Calls,Reasoning,Functions,API,Cost ($),Chains
IKPy,72.5%,27.5%,0%,0.1331057187256857,0.1089643951976356°,0.00972721935001937 s,0 s,,0.0,0.0,0.0,False,False,False,$0,2
OpenAI o3-mini,17.7%,82.3%,0%,0.1416637481976834,1.3635981439927836°,0.0004495280668488703 s,946.8830832333382 s,Normal,12.833333333333334,5.5,9.333333333333334,True,True,True,$1.1050179833333333,6
DeepSeek R1,0.48571428571428577%,99.51428571428572%,0%,0.5554300314825301,2.29735555906655°,0.00039043941431217335 s,1302.6369495857111 s,Cumulative,19.0,4.714285714285714,13.857142857142858,True,False,True,$0.8134512814285714,7
Claude 3.7 Sonnet Thinking,0.18%,99.82%,0%,0.2807612406041672,2.4287884198158585°,0.004710885439778213 s,536.1895310999884 s,Cumulative,15.0,6.4,11.2,True,True,True,$1.5513086999999999,5
OpenAI o1,0%,100%,0%,0.33392481132205304,4.2794584988112705°,0.0008126475003082306 s,315.3485105000145 s,Dynamic,10.333333333333334,2.0,5.333333333333333,True,False,True,$3.09804889,3
Claude 3.7 Sonnet,0%,100%,0%,0.3646251934727009,4.861005708138425°,0.00039981563331821236 s,240.53061193333755 s,Cumulative,6.666666666666667,5.666666666666667,6.333333333333333,False,True,True,$0.6236050166666667,3
OpenAI GPT-4o,0%,100%,0%,0.6613854347631907,4.65362729134729°,0.00026074256003703335 s,46.832219920000355 s,Dynamic,2.4,3.6,3.4,False,True,True,$0.09574708000000001,5
DeepSeek V3,0%,100%,0%,0.661503833876208,4.231100546090769°,0.0008353044333399948 s,139.7049791166669 s,Cumulative,5.666666666666667,0.0,3.3333333333333335,False,False,True,$0.038650496666666666,6
DeepSeek R1 Distill Llama 70B,0%,100%,80%,0.09236363886713647,0.8864138232961576°,inf s,51.643543659999885 s,Cumulative,3.6,2.2,4.0,False,True,True,$0.022689545999999998,5