Name,Success Rate (%),Failure Rate (%),Error Rate (%),Average Failure Distance,Average Failure Angle (째),Average Elapsed Time (s),Generation Time (s),Mode,Feedbacks Given,Forwards Kinematics Calls,Testing Calls,Reasoning,Functions,API,Cost ($),Chains
IKPy,98.03999999999999%,1.9599999999999997%,0%,0.06986716143127181,3.1415814587556334째,0.004155995359999357 s,0 s,,0.0,0.0,0.0,False,False,False,$0,5
DeepSeek R1 Distill Llama 70B,7.694444444444445%,92.30555555555556%,16.666666666666668%,0.2848216717274586,3.049436594210299째,inf s,63.79769869444499 s,Dynamic,2.4444444444444446,0.7222222222222222,1.2222222222222223,False,True,True,$0.01875036666666667,18
DeepSeek V3,5.7%,94.3%,0%,0.21044736796811936,4.038142886089383째,0.00023584553499948134 s,144.865965145 s,Dynamic,5.35,0.05,1.25,False,False,True,$0.028954294,20