Name,Success Rate (%),Failure Rate (%),Error Rate (%),Average Failure Distance,Average Failure Angle (°),Average Elapsed Time (s),Generation Time (s),Mode,Feedbacks Given,Forwards Kinematics Calls,Testing Calls,Reasoning,Functions,API,Cost ($),Chains
IKPy,91.9%,8.1%,0%,0.07581211934731563,0.00697443811149594°,0.013129458700019305 s,0 s,,0.0,0.0,0.0,False,False,False,$0,1
OpenAI o3-mini,0%,100%,0%,0.18128357892517308,2.8023464128962416°,0.00030921830015722665 s,698.4839722249817 s,Cumulative,14.25,5.75,10.0,True,True,True,$1.18533608,4
DeepSeek R1,0%,100%,0%,0.4753713578033618,5.099082294703179°,0.0004884642333878826 s,1413.950544333328 s,Cumulative,19.0,5.666666666666667,14.0,True,False,True,$0.8033963033333332,3
OpenAI GPT-4o,0%,100%,0%,0.5019034270965389,4.960522950321622°,0.00034065630000986856 s,39.940601599999354 s,Dynamic,3.0,7.0,6.0,False,True,True,$0.13860631,1
Claude 3.7 Sonnet,0%,100%,0%,0.7302605959464127,4.140817331873171°,0.0003829170499157044 s,314.44887035000284 s,Cumulative,9.5,6.5,10.5,False,True,True,$0.907628965,2
Claude 3.7 Sonnet Thinking,0%,100%,3.125%,0.35757967682642444,3.09088499930838°,0.0005141153247604962 s,381.4761588749898 s,Cumulative,13.75,6.25,10.0,True,True,True,$1.3768815300000001,4
DeepSeek V3,0%,100%,33.333333333333336%,0.5345628136143166,3.1618963927145933°,0.00021205920001436123 s,131.0299963999975 s,Cumulative,5.666666666666667,0.0,4.0,False,False,True,$0.04162198666666667,3
DeepSeek R1 Distill Llama 70B,0%,100%,100%,0,0°,inf s,58.936217799999895 s,Dynamic,5.0,1.0,6.0,False,True,True,$0.02997337,1