Name,Success Rate (%),Failure Rate (%),Error Rate (%),Average Failure Distance,Average Failure Angle (°),Average Elapsed Time (s),Generation Time (s),Mode,Feedbacks Given,Forwards Kinematics Calls,Testing Calls,Reasoning,Functions,API,Cost ($),Chains
IKPy,98.03999999999999%,1.9599999999999997%,0%,0.06986716143127181,3.1415814587556334°,0.004155995359999357 s,0 s,,0.0,0.0,0.0,False,False,False,$0,5
OpenAI o3-mini,91.25%,8.75%,0%,6.035006750081523072209590001243746871797282260545258747441721425275318324565887451171875E-16,6.283185307179577°,0.00032357222490827554 s,878.3540231000006 s,Dynamic,4.25,1.25,1.5,True,True,True,$0.45430826,4
DeepSeek R1,77.23333333333333%,22.76666666666667%,0%,0.10565790775896118,4.80184426283344°,0.00028880428333453285 s,1975.9999773499997 s,Dynamic,5.333333333333333,0.0,1.1666666666666667,True,False,True,$0.19995322000000001,6
OpenAI o1,71.67500000000001%,28.324999999999996%,0%,0.22072836965352702,5.91053610836749°,0.00048434792499028846 s,357.15417727502063 s,Dynamic,5.5,0.0,1.5,True,False,True,$3.02200076,4
Claude 3.7 Sonnet,51.43076923076923%,48.56923076923078%,0%,0.15969740278653846,4.005656153890169°,0.0002476096384880993 s,118.70645006923252 s,Dynamic,2.4615384615384617,2.8461538461538463,1.3076923076923077,False,True,True,$0.19843820461538467,13
Claude 3.7 Sonnet Thinking,46.775000000000006%,53.224999999999994%,0%,0.2641752350715058,5.042129525471746°,0.00023411697497067506 s,695.8675841250079 s,Dynamic,3.25,2.25,1.5,True,True,True,$0.88273451,4
OpenAI GPT-4o,13.276470588235293%,86.72352941176472%,4.088235294117647%,0.1817914290885221,3.829554327580173°,0.0004298343352904126 s,61.76047030588244 s,Dynamic,2.2941176470588234,2.1176470588235294,1.2352941176470589,False,True,True,$0.07153414941176471,17
DeepSeek R1 Distill Llama 70B,7.694444444444445%,92.30555555555556%,16.666666666666668%,0.2848216717274586,3.049436594210299°,inf s,63.79769869444499 s,Dynamic,2.4444444444444446,0.7222222222222222,1.2222222222222223,False,True,True,$0.01875036666666667,18
DeepSeek V3,5.7%,94.3%,0%,0.21044736796811936,4.038142886089383°,0.00023584553499948134 s,144.865965145 s,Dynamic,5.35,0.05,1.25,False,False,True,$0.028954294,20