Success Rate (%),Failure Rate (%),Error Rate (%),Average Failure Distance,Average Failure Angle (°),Average Elapsed Time (s),Generation Time (s),Mode,Feedbacks Given,Forwards Kinematics Calls,Testing Calls,Reasoning,Functions,API,Cost ($)
39.800000000000004%,60.199999999999996%,0%,2.6291832557941576757072854804785389140167040067895543042908457209705375134944915771484375E-16,3.3449566974485823°,0.0005156978000304662 s,1154.0583689999994 s,Normal,5,0,1,True,False,True,$0.1606322