Success Rate (%),Failure Rate (%),Error Rate (%),Average Failure Distance,Average Failure Angle (°),Average Elapsed Time (s),Generation Time (s),Mode,Feedbacks Given,Forwards Kinematics Calls,Testing Calls,Reasoning,Functions,API,Cost ($)
45%,55.00000000000001%,0%,6.78270353142002230937644256528805178632084865210372104371572277159430086612701416015625E-16,6.246536953120958°,0.00023105509997549235 s,437.9223338000302 s,Extend,2,3,2,True,True,True,$0.5622644400000001