Success Rate (%),Failure Rate (%),Error Rate (%),Average Failure Distance,Average Failure Angle (°),Average Elapsed Time (s),Generation Time (s),Mode,Feedbacks Given,Forwards Kinematics Calls,Testing Calls,Reasoning,Functions,API,Cost ($)
45.2%,54.800000000000004%,0%,6.492332262007683855097176628519378561658402060179084980262587123434059321880340576171875E-16,6.266645466901897°,0.0002758459000178846 s,437.9223338000302 s,Extend,2,3,2,True,True,True,$0.5622644400000001