Success Rate (%),Failure Rate (%),Error Rate (%),Average Failure Distance,Average Failure Angle (°),Average Elapsed Time (s),Generation Time (s),Mode,Feedbacks Given,Forwards Kinematics Calls,Testing Calls,Reasoning,Functions,API,Cost ($)
91.8%,8.200000000000001%,0%,6.69710467217577446727714109015051239672086831611341750658539240248501300811767578125E-16,6.283185307179577°,0.008081564899990554 s,1053.8592200999847 s,Normal,5,0,1,True,True,True,$3.7323500000000003