Success Rate (%),Failure Rate (%),Error Rate (%),Average Failure Distance,Average Failure Angle (°),Average Elapsed Time (s),Generation Time (s),Mode,Feedbacks Given,Forwards Kinematics Calls,Testing Calls,Reasoning,Functions,API,Cost ($)
86.3%,13.700000000000001%,0%,3.407740596070431121401139142120672466862693118262728209089118536212481558322906494140625E-16,6.283185307179573°,0.00031752559999677035 s,856.2278788999974 s,Dynamic,7,2,3,True,True,True,$3.4590745400000005